sid,underlying_sid,root,symbol,name,mktdata_type,asset_class,instrument_type,mult,tick_size,start_date,end_date,auto_close_date,exchange_name,calendar_name,ccy,ccy_pair,base_ccy,quote_ccy,expiry_date,notice_date
0,313,ONGC,ONGC-I,ONGC FIRST FUTURES,0,0,1,1,0.01,1.48E+18,1.53E+18,1.53E+18,NSE,NSE,INR,,,,,
1,-1,,HAVELLS,HAVELLS,0,0,0,1,0.01,1.48E+18,1.53E+18,1.53E+18,NSE,NSE,INR,,,,,
2,-1,,INDIACEM,INDIACEM,0,0,0,1,0.01,1.48E+18,1.53E+18,1.53E+18,NSE,NSE,INR,,,,,
3,52,JUBLFOOD,JUBLFOOD-I,JUBLFOOD FIRST FUTURES,0,0,1,1,0.01,1.48E+18,1.53E+18,1.53E+18,NSE,NSE,INR,,,,,
4,-1,,BPCL,BPCL,0,0,0,1,0.01,1.48E+18,1.53E+18,1.53E+18,NSE,NSE,INR,,,,,
5,356,WOCKPHARMA,WOCKPHARMA-I,WOCKPHARMA FIRST FUTURES,0,0,1,1,0.01,1.48E+18,1.53E+18,1.53E+18,NSE,NSE,INR,,,,,
6,204,APOLLOHOSP,APOLLOHOSP-I,APOLLOHOSP FIRST FUTURES,0,0,1,1,0.01,1.48E+18,1.53E+18,1.53E+18,NSE,NSE,INR,,,,,
7,77,SRTRANSFIN,SRTRANSFIN-I,SRTRANSFIN FIRST FUTURES,0,0,1,1,0.01,1.48E+18,1.53E+18,1.53E+18,NSE,NSE,INR,,,,,
8,-1,,MCDOWELL-N,MCDOWELL-N,0,0,0,1,0.01,1.48E+18,1.53E+18,1.53E+18,NSE,NSE,INR,,,,,
9,353,RECLTD,RECLTD-I,RECLTD FIRST FUTURES,0,0,1,1,0.01,1.48E+18,1.53E+18,1.53E+18,NSE,NSE,INR,,,,,
10,95,TATACHEM,TATACHEM-I,TATACHEM FIRST FUTURES,0,0,1,1,0.01,1.48E+18,1.53E+18,1.53E+18,NSE,NSE,INR,,,,,
11,351,UNIONBANK,UNIONBANK-I,UNIONBANK FIRST FUTURES,0,0,1,1,0.01,1.48E+18,1.53E+18,1.53E+18,NSE,NSE,INR,,,,,
12,-1,,BEL,BEL,0,0,0,1,0.01,1.48E+18,1.53E+18,1.53E+18,NSE,NSE,INR,,,,,
13,-1,,MARICO,MARICO,0,0,0,1,0.01,1.48E+18,1.53E+18,1.53E+18,NSE,NSE,INR,,,,,
14,-1,,UBL,UBL,0,0,0,1,0.01,1.48E+18,1.53E+18,1.53E+18,NSE,NSE,INR,,,,,
15,317,HDFC,HDFC-I,HDFC FIRST FUTURES,0,0,1,1,0.01,1.48E+18,1.53E+18,1.53E+18,NSE,NSE,INR,,,,,
16,13,MARICO,MARICO-I,MARICO FIRST FUTURES,0,0,1,1,0.01,1.48E+18,1.53E+18,1.53E+18,NSE,NSE,INR,,,,,
17,136,DLF,DLF-I,DLF FIRST FUTURES,0,0,1,1,0.01,1.48E+18,1.53E+18,1.53E+18,NSE,NSE,INR,,,,,
18,-1,,MCLEODRUSS,MCLEODRUSS,0,0,0,1,0.01,1.48E+18,1.49E+18,1.49E+18,NSE,NSE,INR,,,,,
19,14,UBL,UBL-I,UBL FIRST FUTURES,0,0,1,1,0.01,1.48E+18,1.53E+18,1.53E+18,NSE,NSE,INR,,,,,
20,120,CANBK,CANBK-I,CANBK FIRST FUTURES,0,0,1,1,0.01,1.48E+18,1.53E+18,1.53E+18,NSE,NSE,INR,,,,,
21,31,GODREJCP,GODREJCP-I,GODREJCP FIRST FUTURES,0,0,1,1,0.01,1.48E+18,1.53E+18,1.53E+18,NSE,NSE,INR,,,,,
22,-1,,FEDERALBNK,FEDERALBNK,0,0,0,1,0.01,1.48E+18,1.53E+18,1.53E+18,NSE,NSE,INR,,,,,
23,-1,,INDIAVIX,INDIAVIX,0,0,0,1,0.01,1.48E+18,1.53E+18,1.53E+18,NSE,NSE,INR,,,,,
24,-1,,DABUR,DABUR,0,0,0,1,0.01,1.48E+18,1.53E+18,1.53E+18,NSE,NSE,INR,,,,,
25,232,ARVIND,ARVIND-I,ARVIND FIRST FUTURES,0,0,1,1,0.01,1.48E+18,1.53E+18,1.53E+18,NSE,NSE,INR,,,,,
26,32,TITAN,TITAN-I,TITAN FIRST FUTURES,0,0,1,1,0.01,1.48E+18,1.53E+18,1.53E+18,NSE,NSE,INR,,,,,
27,355,RPOWER,RPOWER-I,RPOWER FIRST FUTURES,0,0,1,1,0.01,1.48E+18,1.53E+18,1.53E+18,NSE,NSE,INR,,,,,
28,99,COALINDIA,COALINDIA-I,COALINDIA FIRST FUTURES,0,0,1,1,0.01,1.48E+18,1.53E+18,1.53E+18,NSE,NSE,INR,,,,,
29,56,STAR,STAR-I,STAR FIRST FUTURES,0,0,1,1,0.01,1.48E+18,1.53E+18,1.53E+18,NSE,NSE,INR,,,,,
30,129,BATAINDIA,BATAINDIA-I,BATAINDIA FIRST FUTURES,0,0,1,1,0.01,1.48E+18,1.53E+18,1.53E+18,NSE,NSE,INR,,,,,
31,-1,,GODREJCP,GODREJCP,0,0,0,1,0.01,1.48E+18,1.53E+18,1.53E+18,NSE,NSE,INR,,,,,
32,-1,,TITAN,TITAN,0,0,0,1,0.01,1.48E+18,1.53E+18,1.53E+18,NSE,NSE,INR,,,,,
33,334,BANKINDIA,BANKINDIA-I,BANKINDIA FIRST FUTURES,0,0,1,1,0.01,1.48E+18,1.53E+18,1.53E+18,NSE,NSE,INR,,,,,
34,-1,,EICHERMOT,EICHERMOT,0,0,0,1,0.01,1.48E+18,1.53E+18,1.53E+18,NSE,NSE,INR,,,,,
35,-1,,CIPLA,CIPLA,0,0,0,1,0.01,1.48E+18,1.53E+18,1.53E+18,NSE,NSE,INR,,,,,
36,-1,,ADANIENT,ADANIENT,0,0,0,1,0.01,1.48E+18,1.53E+18,1.53E+18,NSE,NSE,INR,,,,,
37,-1,,BEML,BEML,0,0,0,1,0.01,1.48E+18,1.53E+18,1.53E+18,NSE,NSE,INR,,,,,
38,285,GRANULES,GRANULES-I,GRANULES FIRST FUTURES,0,0,1,1,0.01,1.48E+18,1.53E+18,1.53E+18,NSE,NSE,INR,,,,,
39,287,SUNPHARMA,SUNPHARMA-I,SUNPHARMA FIRST FUTURES,0,0,1,1,0.01,1.48E+18,1.53E+18,1.53E+18,NSE,NSE,INR,,,,,
40,168,CAIRN,CAIRN-I,CAIRN FIRST FUTURES,0,0,1,1,0.01,1.48E+18,1.49E+18,1.49E+18,NSE,NSE,INR,,,,,
41,154,M&MFIN,M&MFIN-I,M&MFIN FIRST FUTURES,0,0,1,1,0.01,1.48E+18,1.53E+18,1.53E+18,NSE,NSE,INR,,,,,
42,261,BHARATFORG,BHARATFORG-I,BHARATFORG FIRST FUTURES,0,0,1,1,0.01,1.48E+18,1.53E+18,1.53E+18,NSE,NSE,INR,,,,,
43,148,TATAELXSI,TATAELXSI-I,TATAELXSI FIRST FUTURES,0,0,1,1,0.01,1.48E+18,1.53E+18,1.53E+18,NSE,NSE,INR,,,,,
44,337,DISHTV,DISHTV-I,DISHTV FIRST FUTURES,0,0,1,1,0.01,1.48E+18,1.53E+18,1.53E+18,NSE,NSE,INR,,,,,
45,218,ZEEL,ZEEL-I,ZEEL FIRST FUTURES,0,0,1,1,0.01,1.48E+18,1.53E+18,1.53E+18,NSE,NSE,INR,,,,,
46,-1,,PIDILITIND,PIDILITIND,0,0,0,1,0.01,1.48E+18,1.53E+18,1.53E+18,NSE,NSE,INR,,,,,
47,12,BEL,BEL-I,BEL FIRST FUTURES,0,0,1,1,0.01,1.48E+18,1.53E+18,1.53E+18,NSE,NSE,INR,,,,,
48,-1,,UPL,UPL,0,0,0,1,0.01,1.48E+18,1.53E+18,1.53E+18,NSE,NSE,INR,,,,,
49,22,FEDERALBNK,FEDERALBNK-I,FEDERALBNK FIRST FUTURES,0,0,1,1,0.01,1.48E+18,1.53E+18,1.53E+18,NSE,NSE,INR,,,,,
50,-1,,BANKBARODA,BANKBARODA,0,0,0,1,0.01,1.48E+18,1.53E+18,1.53E+18,NSE,NSE,INR,,,,,
51,57,SRF,SRF-I,SRF FIRST FUTURES,0,0,1,1,0.01,1.48E+18,1.53E+18,1.53E+18,NSE,NSE,INR,,,,,
52,-1,,JUBLFOOD,JUBLFOOD,0,0,0,1,0.01,1.48E+18,1.53E+18,1.53E+18,NSE,NSE,INR,,,,,
53,-1,,SOUTHBANK,SOUTHBANK,0,0,0,1,0.01,1.48E+18,1.53E+18,1.53E+18,NSE,NSE,INR,,,,,
54,-1,,HINDUNILVR,HINDUNILVR,0,0,0,1,0.01,1.48E+18,1.53E+18,1.53E+18,NSE,NSE,INR,,,,,
55,60,ADANIPOWER,ADANIPOWER-I,ADANIPOWER FIRST FUTURES,0,0,1,1,0.01,1.48E+18,1.53E+18,1.53E+18,NSE,NSE,INR,,,,,
56,-1,,STAR,STAR,0,0,0,1,0.01,1.48E+18,1.53E+18,1.53E+18,NSE,NSE,INR,,,,,
57,-1,,SRF,SRF,0,0,0,1,0.01,1.48E+18,1.53E+18,1.53E+18,NSE,NSE,INR,,,,,
58,-1,,SUNTV,SUNTV,0,0,0,1,0.01,1.48E+18,1.53E+18,1.53E+18,NSE,NSE,INR,,,,,
59,210,CADILAHC,CADILAHC-I,CADILAHC FIRST FUTURES,0,0,1,1,0.01,1.48E+18,1.53E+18,1.53E+18,NSE,NSE,INR,,,,,
60,-1,,ADANIPOWER,ADANIPOWER,0,0,0,1,0.01,1.48E+18,1.53E+18,1.53E+18,NSE,NSE,INR,,,,,
61,230,TATACOMM,TATACOMM-I,TATACOMM FIRST FUTURES,0,0,1,1,0.01,1.48E+18,1.53E+18,1.53E+18,NSE,NSE,INR,,,,,
62,119,HDFCBANK,HDFCBANK-I,HDFCBANK FIRST FUTURES,0,0,1,1,0.01,1.48E+18,1.53E+18,1.53E+18,NSE,NSE,INR,,,,,
63,-1,,TORNTPHARM,TORNTPHARM,0,0,0,1,0.01,1.48E+18,1.53E+18,1.53E+18,NSE,NSE,INR,,,,,
64,323,BRITANNIA,BRITANNIA-I,BRITANNIA FIRST FUTURES,0,0,1,1,0.01,1.48E+18,1.53E+18,1.53E+18,NSE,NSE,INR,,,,,
65,228,SAIL,SAIL-I,SAIL FIRST FUTURES,0,0,1,1,0.01,1.48E+18,1.53E+18,1.53E+18,NSE,NSE,INR,,,,,
66,347,PAGEIND,PAGEIND-I,PAGEIND FIRST FUTURES,0,0,1,1,0.01,1.48E+18,1.53E+18,1.53E+18,NSE,NSE,INR,,,,,
67,-1,,TCS,TCS,0,0,0,1,0.01,1.48E+18,1.53E+18,1.53E+18,NSE,NSE,INR,,,,,
68,73,JISLJALEQS,JISLJALEQS-I,JISLJALEQS FIRST FUTURES,0,0,1,1,0.01,1.48E+18,1.53E+18,1.53E+18,NSE,NSE,INR,,,,,
69,192,NCC,NCC-I,NCC FIRST FUTURES,0,0,1,1,0.01,1.48E+18,1.53E+18,1.53E+18,NSE,NSE,INR,,,,,
70,166,PTC,PTC-I,PTC FIRST FUTURES,0,0,1,1,0.01,1.48E+18,1.53E+18,1.53E+18,NSE,NSE,INR,,,,,
71,-1,,LT,LT,0,0,0,1,0.01,1.48E+18,1.53E+18,1.53E+18,NSE,NSE,INR,,,,,
72,35,CIPLA,CIPLA-I,CIPLA FIRST FUTURES,0,0,1,1,0.01,1.48E+18,1.53E+18,1.53E+18,NSE,NSE,INR,,,,,
73,-1,,JISLJALEQS,JISLJALEQS,0,0,0,1,0.01,1.48E+18,1.53E+18,1.53E+18,NSE,NSE,INR,,,,,
74,242,GLENMARK,GLENMARK-I,GLENMARK FIRST FUTURES,0,0,1,1,0.01,1.48E+18,1.53E+18,1.53E+18,NSE,NSE,INR,,,,,
75,125,VOLTAS,VOLTAS-I,VOLTAS FIRST FUTURES,0,0,1,1,0.01,1.48E+18,1.53E+18,1.53E+18,NSE,NSE,INR,,,,,
76,300,HINDPETRO,HINDPETRO-I,HINDPETRO FIRST FUTURES,0,0,1,1,0.01,1.48E+18,1.53E+18,1.53E+18,NSE,NSE,INR,,,,,
77,-1,,SRTRANSFIN,SRTRANSFIN,0,0,0,1,0.01,1.48E+18,1.53E+18,1.53E+18,NSE,NSE,INR,,,,,
78,-1,,HDIL,HDIL,0,0,0,1,0.01,1.48E+18,1.52E+18,1.52E+18,NSE,NSE,INR,,,,,
79,208,EXIDEIND,EXIDEIND-I,EXIDEIND FIRST FUTURES,0,0,1,1,0.01,1.48E+18,1.53E+18,1.53E+18,NSE,NSE,INR,,,,,
80,-1,,TV18BRDCST,TV18BRDCST,0,0,0,1,0.01,1.48E+18,1.53E+18,1.53E+18,NSE,NSE,INR,,,,,
81,58,SUNTV,SUNTV-I,SUNTV FIRST FUTURES,0,0,1,1,0.01,1.48E+18,1.53E+18,1.53E+18,NSE,NSE,INR,,,,,
82,2,INDIACEM,INDIACEM-I,INDIACEM FIRST FUTURES,0,0,1,1,0.01,1.48E+18,1.53E+18,1.53E+18,NSE,NSE,INR,,,,,
83,186,IBREALEST,IBREALEST-I,IBREALEST FIRST FUTURES,0,0,1,1,0.01,1.48E+18,1.51E+18,1.51E+18,NSE,NSE,INR,,,,,
84,172,GODREJIND,GODREJIND-I,GODREJIND FIRST FUTURES,0,0,1,1,0.01,1.48E+18,1.53E+18,1.53E+18,NSE,NSE,INR,,,,,
85,283,HEXAWARE,HEXAWARE-I,HEXAWARE FIRST FUTURES,0,0,1,1,0.01,1.48E+18,1.53E+18,1.53E+18,NSE,NSE,INR,,,,,
86,349,MARUTI,MARUTI-I,MARUTI FIRST FUTURES,0,0,1,1,0.01,1.48E+18,1.53E+18,1.53E+18,NSE,NSE,INR,,,,,
87,-1,,PNB,PNB,0,0,0,1,0.01,1.48E+18,1.53E+18,1.53E+18,NSE,NSE,INR,,,,,
88,87,PNB,PNB-I,PNB FIRST FUTURES,0,0,1,1,0.01,1.48E+18,1.53E+18,1.53E+18,NSE,NSE,INR,,,,,
89,54,HINDUNILVR,HINDUNILVR-I,HINDUNILVR FIRST FUTURES,0,0,1,1,0.01,1.48E+18,1.53E+18,1.53E+18,NSE,NSE,INR,,,,,
90,-1,,MRF,MRF,0,0,0,1,0.01,1.48E+18,1.53E+18,1.53E+18,NSE,NSE,INR,,,,,
91,286,BOSCHLTD,BOSCHLTD-I,BOSCHLTD FIRST FUTURES,0,0,1,1,0.01,1.48E+18,1.53E+18,1.53E+18,NSE,NSE,INR,,,,,
92,-1,,TATAMTRDVR,TATAMTRDVR,0,0,0,1,0.01,1.48E+18,1.53E+18,1.53E+18,NSE,NSE,INR,,,,,
93,265,JSWENERGY,JSWENERGY-I,JSWENERGY FIRST FUTURES,0,0,1,1,0.01,1.48E+18,1.52E+18,1.52E+18,NSE,NSE,INR,,,,,
94,236,SBIN,SBIN-I,SBIN FIRST FUTURES,0,0,1,1,0.01,1.48E+18,1.53E+18,1.53E+18,NSE,NSE,INR,,,,,
95,-1,,TATACHEM,TATACHEM,0,0,0,1,0.01,1.48E+18,1.53E+18,1.53E+18,NSE,NSE,INR,,,,,
96,145,AMBUJACEM,AMBUJACEM-I,AMBUJACEM FIRST FUTURES,0,0,1,1,0.01,1.48E+18,1.53E+18,1.53E+18,NSE,NSE,INR,,,,,
97,116,PETRONET,PETRONET-I,PETRONET FIRST FUTURES,0,0,1,1,0.01,1.48E+18,1.53E+18,1.53E+18,NSE,NSE,INR,,,,,
98,291,IDFC,IDFC-I,IDFC FIRST FUTURES,0,0,1,1,0.01,1.48E+18,1.53E+18,1.53E+18,NSE,NSE,INR,,,,,
99,-1,,COALINDIA,COALINDIA,0,0,0,1,0.01,1.48E+18,1.53E+18,1.53E+18,NSE,NSE,INR,,,,,
100,137,CESC,CESC-I,CESC FIRST FUTURES,0,0,1,1,0.01,1.48E+18,1.53E+18,1.53E+18,NSE,NSE,INR,,,,,
101,-1,,PFC,PFC,0,0,0,1,0.01,1.48E+18,1.53E+18,1.53E+18,NSE,NSE,INR,,,,,
102,115,TVSMOTOR,TVSMOTOR-I,TVSMOTOR FIRST FUTURES,0,0,1,1,0.01,1.48E+18,1.53E+18,1.53E+18,NSE,NSE,INR,,,,,
103,118,MOTHERSUMI,MOTHERSUMI-I,MOTHERSUMI FIRST FUTURES,0,0,1,1,0.01,1.48E+18,1.53E+18,1.53E+18,NSE,NSE,INR,,,,,
104,280,OFSS,OFSS-I,OFSS FIRST FUTURES,0,0,1,1,0.01,1.48E+18,1.53E+18,1.53E+18,NSE,NSE,INR,,,,,
105,149,IDEA,IDEA-I,IDEA FIRST FUTURES,0,0,1,1,0.01,1.48E+18,1.53E+18,1.53E+18,NSE,NSE,INR,,,,,
106,-1,,TATAMOTORS,TATAMOTORS,0,0,0,1,0.01,1.48E+18,1.53E+18,1.53E+18,NSE,NSE,INR,,,,,
107,249,ENGINERSIN,ENGINERSIN-I,ENGINERSIN FIRST FUTURES,0,0,1,1,0.01,1.48E+18,1.53E+18,1.53E+18,NSE,NSE,INR,,,,,
108,-1,,DIVISLAB,DIVISLAB,0,0,0,1,0.01,1.48E+18,1.53E+18,1.53E+18,NSE,NSE,INR,,,,,
109,174,ICICIBANK,ICICIBANK-I,ICICIBANK FIRST FUTURES,0,0,1,1,0.01,1.48E+18,1.53E+18,1.53E+18,NSE,NSE,INR,,,,,
110,258,ALBK,ALBK-I,ALBK FIRST FUTURES,0,0,1,1,0.01,1.48E+18,1.53E+18,1.53E+18,NSE,NSE,INR,,,,,
111,293,CONCOR,CONCOR-I,CONCOR FIRST FUTURES,0,0,1,1,0.01,1.48E+18,1.53E+18,1.53E+18,NSE,NSE,INR,,,,,
112,262,KPIT,KPIT-I,KPIT FIRST FUTURES,0,0,1,1,0.01,1.48E+18,1.53E+18,1.53E+18,NSE,NSE,INR,,,,,
113,-1,,SYNDIBANK,SYNDIBANK,0,0,0,1,0.01,1.48E+18,1.53E+18,1.53E+18,NSE,NSE,INR,,,,,
114,-1,,BHARTIARTL,BHARTIARTL,0,0,0,1,0.01,1.48E+18,1.53E+18,1.53E+18,NSE,NSE,INR,,,,,
115,-1,,TVSMOTOR,TVSMOTOR,0,0,0,1,0.01,1.48E+18,1.53E+18,1.53E+18,NSE,NSE,INR,,,,,
116,-1,,PETRONET,PETRONET,0,0,0,1,0.01,1.48E+18,1.53E+18,1.53E+18,NSE,NSE,INR,,,,,
117,331,JINDALSTEL,JINDALSTEL-I,JINDALSTEL FIRST FUTURES,0,0,1,1,0.01,1.48E+18,1.53E+18,1.53E+18,NSE,NSE,INR,,,,,
118,-1,,MOTHERSUMI,MOTHERSUMI,0,0,1,1,0.01,1.48E+18,1.53E+18,1.53E+18,NSE,NSE,INR,,,,,
119,-1,,HDFCBANK,HDFCBANK,0,0,0,1,0.01,1.48E+18,1.53E+18,1.53E+18,NSE,NSE,INR,,,,,
120,-1,,CANBK,CANBK,0,0,0,1,0.01,1.48E+18,1.53E+18,1.53E+18,NSE,NSE,INR,,,,,
121,146,ITC,ITC-I,ITC FIRST FUTURES,0,0,1,1,0.01,1.48E+18,1.53E+18,1.53E+18,NSE,NSE,INR,,,,,
122,-1,,BANKNIFTY-II,NIFTYBANK SECOND FUTURES,0,0,1,1,0.01,1.48E+18,1.53E+18,1.53E+18,NSE,NSE,INR,,,,,
123,257,HINDALCO,HINDALCO-I,HINDALCO FIRST FUTURES,0,0,1,1,0.01,1.48E+18,1.53E+18,1.53E+18,NSE,NSE,INR,,,,,
124,-1,,TATAGLOBAL,TATAGLOBAL,0,0,0,1,0.01,1.48E+18,1.53E+18,1.53E+18,NSE,NSE,INR,,,,,
125,-1,,VOLTAS,VOLTAS,0,0,0,1,0.01,1.48E+18,1.53E+18,1.53E+18,NSE,NSE,INR,,,,,
126,-1,,MINDTREE,MINDTREE,0,0,0,1,0.01,1.48E+18,1.53E+18,1.53E+18,NSE,NSE,INR,,,,,
127,352,SIEMENS,SIEMENS-I,SIEMENS FIRST FUTURES,0,0,1,1,0.01,1.48E+18,1.53E+18,1.53E+18,NSE,NSE,INR,,,,,
128,92,TATAMTRDVR,TATAMTRDVR-I,TATAMTRDVR FIRST FUTURES,0,0,1,1,0.01,1.48E+18,1.53E+18,1.53E+18,NSE,NSE,INR,,,,,
129,-1,,BATAINDIA,BATAINDIA,0,0,0,1,0.01,1.48E+18,1.53E+18,1.53E+18,NSE,NSE,INR,,,,,
130,-1,,JSWSTEEL,JSWSTEEL,0,0,0,1,0.01,1.48E+18,1.53E+18,1.53E+18,NSE,NSE,INR,,,,,
131,-1,,ANDHRABANK,ANDHRABANK,0,0,0,1,0.01,1.48E+18,1.53E+18,1.53E+18,NSE,NSE,INR,,,,,
132,297,DCBBANK,DCBBANK-I,DCBBANK FIRST FUTURES,0,0,1,1,0.01,1.48E+18,1.53E+18,1.53E+18,NSE,NSE,INR,,,,,
133,-1,,BAJFINANCE,BAJFINANCE,0,0,0,1,0.01,1.48E+18,1.53E+18,1.53E+18,NSE,NSE,INR,,,,,
134,46,PIDILITIND,PIDILITIND-I,PIDILITIND FIRST FUTURES,0,0,1,1,0.01,1.48E+18,1.53E+18,1.53E+18,NSE,NSE,INR,,,,,
135,-1,,NMDC,NMDC,0,0,0,1,0.01,1.48E+18,1.53E+18,1.53E+18,NSE,NSE,INR,,,,,
136,-1,,DLF,DLF,0,0,0,1,0.01,1.48E+18,1.53E+18,1.53E+18,NSE,NSE,INR,,,,,
137,-1,,CESC,CESC,0,0,0,1,0.01,1.48E+18,1.53E+18,1.53E+18,NSE,NSE,INR,,,,,
138,183,LUPIN,LUPIN-I,LUPIN FIRST FUTURES,0,0,1,1,0.01,1.48E+18,1.53E+18,1.53E+18,NSE,NSE,INR,,,,,
139,328,SINTEX,SINTEX-I,SINTEX FIRST FUTURES,0,0,1,1,0.01,1.48E+18,1.50E+18,1.50E+18,NSE,NSE,INR,,,,,
140,-1,,AXISBANK,AXISBANK,0,0,0,1,0.01,1.48E+18,1.53E+18,1.53E+18,NSE,NSE,INR,,,,,
141,71,LT,LT-I,LT FIRST FUTURES,0,0,1,1,0.01,1.48E+18,1.53E+18,1.53E+18,NSE,NSE,INR,,,,,
142,333,CEATLTD,CEATLTD-I,CEATLTD FIRST FUTURES,0,0,1,1,0.01,1.48E+18,1.53E+18,1.53E+18,NSE,NSE,INR,,,,,
143,255,IDFCBANK,IDFCBANK-I,IDFCBANK FIRST FUTURES,0,0,1,1,0.01,1.48E+18,1.53E+18,1.53E+18,NSE,NSE,INR,,,,,
144,-1,,APOLLOTYRE,APOLLOTYRE,0,0,0,1,0.01,1.48E+18,1.53E+18,1.53E+18,NSE,NSE,INR,,,,,
145,-1,,AMBUJACEM,AMBUJACEM,0,0,0,1,0.01,1.48E+18,1.53E+18,1.53E+18,NSE,NSE,INR,,,,,
146,-1,,ITC,ITC,0,0,0,1,0.01,1.48E+18,1.53E+18,1.53E+18,NSE,NSE,INR,,,,,
147,80,TV18BRDCST,TV18BRDCST-I,TV18BRDCST FIRST FUTURES,0,0,1,1,0.01,1.48E+18,1.53E+18,1.53E+18,NSE,NSE,INR,,,,,
148,-1,,TATAELXSI,TATAELXSI,0,0,1,1,0.01,1.48E+18,1.53E+18,1.53E+18,NSE,NSE,INR,,,,,
149,-1,,IDEA,IDEA,0,0,0,1,0.01,1.48E+18,1.53E+18,1.53E+18,NSE,NSE,INR,,,,,
150,36,ADANIENT,ADANIENT-I,ADANIENT FIRST FUTURES,0,0,1,1,0.01,1.48E+18,1.53E+18,1.53E+18,NSE,NSE,INR,,,,,
151,212,RCOM,RCOM-I,RCOM FIRST FUTURES,0,0,1,1,0.01,1.48E+18,1.53E+18,1.53E+18,NSE,NSE,INR,,,,,
152,173,HEROMOTOCO,HEROMOTOCO-I,HEROMOTOCO FIRST FUTURES,0,0,1,1,0.01,1.48E+18,1.53E+18,1.53E+18,NSE,NSE,INR,,,,,
153,-1,,NTPC,NTPC,0,0,0,1,0.01,1.48E+18,1.53E+18,1.53E+18,NSE,NSE,INR,,,,,
154,-1,,M&MFIN,M&MFIN,0,0,0,1,0.01,1.48E+18,1.53E+18,1.53E+18,NSE,NSE,INR,,,,,
155,114,BHARTIARTL,BHARTIARTL-I,BHARTIARTL FIRST FUTURES,0,0,1,1,0.01,1.48E+18,1.53E+18,1.53E+18,NSE,NSE,INR,,,,,
156,-1,,TATAPOWER,TATAPOWER,0,0,0,1,0.01,1.48E+18,1.53E+18,1.53E+18,NSE,NSE,INR,,,,,
157,187,ACC,ACC-I,ACC FIRST FUTURES,0,0,1,1,0.01,1.48E+18,1.53E+18,1.53E+18,NSE,NSE,INR,,,,,
158,108,DIVISLAB,DIVISLAB-I,DIVISLAB FIRST FUTURES,0,0,1,1,0.01,1.48E+18,1.53E+18,1.53E+18,NSE,NSE,INR,,,,,
159,-1,,CENTURYTEX,CENTURYTEX,0,0,0,1,0.01,1.48E+18,1.53E+18,1.53E+18,NSE,NSE,INR,,,,,
160,275,M&M,M&M-I,M&M FIRST FUTURES,0,0,1,1,0.01,1.48E+18,1.53E+18,1.53E+18,NSE,NSE,INR,,,,,
161,67,TCS,TCS-I,TCS FIRST FUTURES,0,0,1,1,0.01,1.48E+18,1.53E+18,1.53E+18,NSE,NSE,INR,,,,,
162,175,RELCAPITAL,RELCAPITAL-I,RELCAPITAL FIRST FUTURES,0,0,1,1,0.01,1.48E+18,1.53E+18,1.53E+18,NSE,NSE,INR,,,,,
163,-1,,NIFTY-I,NIFTY50 FIRST FUTURES,0,0,1,1,0.01,1.48E+18,1.53E+18,1.53E+18,NSE,NSE,INR,,,,,
164,-1,,TORNTPOWER,TORNTPOWER,0,0,0,1,0.01,1.48E+18,1.53E+18,1.53E+18,NSE,NSE,INR,,,,,
165,309,TATASTEEL,TATASTEEL-I,TATASTEEL FIRST FUTURES,0,0,1,1,0.01,1.48E+18,1.53E+18,1.53E+18,NSE,NSE,INR,,,,,
166,-1,,PTC,PTC,0,0,0,1,0.01,1.48E+18,1.53E+18,1.53E+18,NSE,NSE,INR,,,,,
167,290,COLPAL,COLPAL-I,COLPAL FIRST FUTURES,0,0,1,1,0.01,1.48E+18,1.53E+18,1.53E+18,NSE,NSE,INR,,,,,
168,-1,,CAIRN,CAIRN,0,0,0,1,0.01,1.48E+18,1.49E+18,1.49E+18,NSE,NSE,INR,,,,,
169,217,ICIL,ICIL-I,ICIL FIRST FUTURES,0,0,1,1,0.01,1.48E+18,1.52E+18,1.52E+18,NSE,NSE,INR,,,,,
170,133,BAJFINANCE,BAJFINANCE-I,BAJFINANCE FIRST FUTURES,0,0,1,1,0.01,1.48E+18,1.53E+18,1.53E+18,NSE,NSE,INR,,,,,
171,8,MCDOWELL-N,MCDOWELL-N-I,MCDOWELL-N FIRST FUTURES,0,0,1,1,0.01,1.48E+18,1.53E+18,1.53E+18,NSE,NSE,INR,,,,,
172,-1,,GODREJIND,GODREJIND,0,0,0,1,0.01,1.48E+18,1.53E+18,1.53E+18,NSE,NSE,INR,,,,,
173,-1,,HEROMOTOCO,HEROMOTOCO,0,0,0,1,0.01,1.48E+18,1.53E+18,1.53E+18,NSE,NSE,INR,,,,,
174,-1,,ICICIBANK,ICICIBANK,0,0,0,1,0.01,1.48E+18,1.53E+18,1.53E+18,NSE,NSE,INR,,,,,
175,-1,,RELCAPITAL,RELCAPITAL,0,0,0,1,0.01,1.48E+18,1.53E+18,1.53E+18,NSE,NSE,INR,,,,,
176,270,KTKBANK,KTKBANK-I,KTKBANK FIRST FUTURES,0,0,1,1,0.01,1.48E+18,1.53E+18,1.53E+18,NSE,NSE,INR,,,,,
177,153,NTPC,NTPC-I,NTPC FIRST FUTURES,0,0,1,1,0.01,1.48E+18,1.53E+18,1.53E+18,NSE,NSE,INR,,,,,
178,248,CUMMINSIND,CUMMINSIND-I,CUMMINSIND FIRST FUTURES,0,0,1,1,0.01,1.48E+18,1.53E+18,1.53E+18,NSE,NSE,INR,,,,,
179,-1,,GAIL,GAIL,0,0,0,1,0.01,1.48E+18,1.53E+18,1.53E+18,NSE,NSE,INR,,,,,
180,164,TORNTPOWER,TORNTPOWER-I,TORNTPOWER FIRST FUTURES,0,0,1,1,0.01,1.48E+18,1.53E+18,1.53E+18,NSE,NSE,INR,,,,,
181,330,KOTAKBANK,KOTAKBANK-I,KOTAKBANK FIRST FUTURES,0,0,1,1,0.01,1.48E+18,1.53E+18,1.53E+18,NSE,NSE,INR,,,,,
182,307,BHEL,BHEL-I,BHEL FIRST FUTURES,0,0,1,1,0.01,1.48E+18,1.53E+18,1.53E+18,NSE,NSE,INR,,,,,
183,-1,,LUPIN,LUPIN,0,0,0,1,0.01,1.48E+18,1.53E+18,1.53E+18,NSE,NSE,INR,,,,,
184,131,ANDHRABANK,ANDHRABANK-I,ANDHRABANK FIRST FUTURES,0,0,1,1,0.01,1.48E+18,1.53E+18,1.53E+18,NSE,NSE,INR,,,,,
185,-1,,AJANTPHARM,AJANTPHARM,0,0,0,1,0.01,1.48E+18,1.53E+18,1.53E+18,NSE,NSE,INR,,,,,
186,-1,,IBREALEST,IBREALEST,0,0,0,1,0.01,1.48E+18,1.51E+18,1.51E+18,NSE,NSE,INR,,,,,
187,-1,,ACC,ACC,0,0,0,1,0.01,1.48E+18,1.53E+18,1.53E+18,NSE,NSE,INR,,,,,
188,272,GMRINFRA,GMRINFRA-I,GMRINFRA FIRST FUTURES,0,0,1,1,0.01,1.48E+18,1.53E+18,1.53E+18,NSE,NSE,INR,,,,,
189,322,IRB,IRB-I,IRB FIRST FUTURES,0,0,1,1,0.01,1.48E+18,1.53E+18,1.53E+18,NSE,NSE,INR,,,,,
190,281,HINDZINC,HINDZINC-I,HINDZINC FIRST FUTURES,0,0,1,1,0.01,1.48E+18,1.53E+18,1.53E+18,NSE,NSE,INR,,,,,
191,-1,,IGL,IGL,0,0,0,1,0.01,1.48E+18,1.53E+18,1.53E+18,NSE,NSE,INR,,,,,
192,-1,,NCC,NCC,0,0,0,1,0.01,1.48E+18,1.53E+18,1.53E+18,NSE,NSE,INR,,,,,
193,231,BIOCON,BIOCON-I,BIOCON FIRST FUTURES,0,0,1,1,0.01,1.48E+18,1.53E+18,1.53E+18,NSE,NSE,INR,,,,,
194,-1,,DHFL,DHFL,0,0,0,1,0.01,1.48E+18,1.53E+18,1.53E+18,NSE,NSE,INR,,,,,
195,-1,,YESBANK,YESBANK,0,0,0,1,0.01,1.48E+18,1.53E+18,1.53E+18,NSE,NSE,INR,,,,,
196,269,LICHSGFIN,LICHSGFIN-I,LICHSGFIN FIRST FUTURES,0,0,1,1,0.01,1.48E+18,1.53E+18,1.53E+18,NSE,NSE,INR,,,,,
197,-1,,NHPC,NHPC,0,0,0,1,0.01,1.48E+18,1.53E+18,1.53E+18,NSE,NSE,INR,,,,,
198,338,ADANIPORTS,ADANIPORTS-I,ADANIPORTS FIRST FUTURES,0,0,1,1,0.01,1.48E+18,1.53E+18,1.53E+18,NSE,NSE,INR,,,,,
199,135,NMDC,NMDC-I,NMDC FIRST FUTURES,0,0,1,1,0.01,1.48E+18,1.53E+18,1.53E+18,NSE,NSE,INR,,,,,
200,-1,,BHARATFIN,BHARATFIN,0,0,0,1,0.01,1.48E+18,1.53E+18,1.53E+18,NSE,NSE,INR,,,,,
201,237,CROMPGREAV,CROMPGREAV-I,CROMPGREAV FIRST FUTURES,0,0,1,1,0.01,1.48E+18,1.49E+18,1.49E+18,NSE,NSE,INR,,,,,
202,343,IFCI,IFCI-I,IFCI FIRST FUTURES,0,0,1,1,0.01,1.48E+18,1.53E+18,1.53E+18,NSE,NSE,INR,,,,,
203,-1,,NIITTECH,NIITTECH,0,0,0,1,0.01,1.48E+18,1.53E+18,1.53E+18,NSE,NSE,INR,,,,,
204,-1,,APOLLOHOSP,APOLLOHOSP,0,0,0,1,0.01,1.48E+18,1.53E+18,1.53E+18,NSE,NSE,INR,,,,,
205,-1,,JPASSOCIAT,JPASSOCIAT,0,0,0,1,0.01,1.48E+18,1.53E+18,1.53E+18,NSE,NSE,INR,,,,,
206,-1,,WIPRO,WIPRO,0,0,0,1,0.01,1.48E+18,1.53E+18,1.53E+18,NSE,NSE,INR,,,,,
207,-1,,DRREDDY,DRREDDY,0,0,0,1,0.01,1.48E+18,1.53E+18,1.53E+18,NSE,NSE,INR,,,,,
208,-1,,EXIDEIND,EXIDEIND,0,0,0,1,0.01,1.48E+18,1.53E+18,1.53E+18,NSE,NSE,INR,,,,,
209,124,TATAGLOBAL,TATAGLOBAL-I,TATAGLOBAL FIRST FUTURES,0,0,1,1,0.01,1.48E+18,1.53E+18,1.53E+18,NSE,NSE,INR,,,,,
210,-1,,CADILAHC,CADILAHC,0,0,0,1,0.01,1.48E+18,1.53E+18,1.53E+18,NSE,NSE,INR,,,,,
211,-1,,GRASIM,GRASIM,0,0,0,1,0.01,1.48E+18,1.53E+18,1.53E+18,NSE,NSE,INR,,,,,
212,-1,,RCOM,RCOM,0,0,0,1,0.01,1.48E+18,1.53E+18,1.53E+18,NSE,NSE,INR,,,,,
213,1,HAVELLS,HAVELLS-I,HAVELLS FIRST FUTURES,0,0,1,1,0.01,1.48E+18,1.53E+18,1.53E+18,NSE,NSE,INR,,,,,
214,101,PFC,PFC-I,PFC FIRST FUTURES,0,0,1,1,0.01,1.48E+18,1.53E+18,1.53E+18,NSE,NSE,INR,,,,,
215,240,POWERGRID,POWERGRID-I,POWERGRID FIRST FUTURES,0,0,1,1,0.01,1.48E+18,1.53E+18,1.53E+18,NSE,NSE,INR,,,,,
216,345,HCLTECH,HCLTECH-I,HCLTECH FIRST FUTURES,0,0,1,1,0.01,1.48E+18,1.53E+18,1.53E+18,NSE,NSE,INR,,,,,
217,-1,,ICIL,ICIL,0,0,0,1,0.01,1.48E+18,1.52E+18,1.52E+18,NSE,NSE,INR,,,,,
218,-1,,ZEEL,ZEEL,0,0,0,1,0.01,1.48E+18,1.53E+18,1.53E+18,NSE,NSE,INR,,,,,
219,37,BEML,BEML-I,BEML FIRST FUTURES,0,0,1,1,0.01,1.48E+18,1.53E+18,1.53E+18,NSE,NSE,INR,,,,,
220,-1,,IBULHSGFIN,IBULHSGFIN,0,0,0,1,0.01,1.48E+18,1.53E+18,1.53E+18,NSE,NSE,INR,,,,,
221,-1,,INDUSINDBK,INDUSINDBK,0,0,0,1,0.01,1.48E+18,1.53E+18,1.53E+18,NSE,NSE,INR,,,,,
222,299,AMARAJABAT,AMARAJABAT-I,AMARAJABAT FIRST FUTURES,0,0,1,1,0.01,1.48E+18,1.53E+18,1.53E+18,NSE,NSE,INR,,,,,
223,-1,,VEDL,VEDL,0,0,0,1,0.01,1.48E+18,1.53E+18,1.53E+18,NSE,NSE,INR,,,,,
224,-1,,BAJAJ-AUTO,BAJAJ-AUTO,0,0,0,1,0.01,1.48E+18,1.53E+18,1.53E+18,NSE,NSE,INR,,,,,
225,-1,,ULTRACEMCO,ULTRACEMCO,0,0,0,1,0.01,1.48E+18,1.53E+18,1.53E+18,NSE,NSE,INR,,,,,
226,332,JUSTDIAL,JUSTDIAL-I,JUSTDIAL FIRST FUTURES,0,0,1,1,0.01,1.48E+18,1.53E+18,1.53E+18,NSE,NSE,INR,,,,,
227,156,TATAPOWER,TATAPOWER-I,TATAPOWER FIRST FUTURES,0,0,1,1,0.01,1.48E+18,1.53E+18,1.53E+18,NSE,NSE,INR,,,,,
228,-1,,SAIL,SAIL,0,0,0,1,0.01,1.48E+18,1.53E+18,1.53E+18,NSE,NSE,INR,,,,,
229,50,BANKBARODA,BANKBARODA-I,BANKBARODA FIRST FUTURES,0,0,1,1,0.01,1.48E+18,1.53E+18,1.53E+18,NSE,NSE,INR,,,,,
230,-1,,TATACOMM,TATACOMM,0,0,0,1,0.01,1.48E+18,1.53E+18,1.53E+18,NSE,NSE,INR,,,,,
231,-1,,BIOCON,BIOCON,0,0,0,1,0.01,1.48E+18,1.53E+18,1.53E+18,NSE,NSE,INR,,,,,
232,-1,,ARVIND,ARVIND,0,0,0,1,0.01,1.48E+18,1.53E+18,1.53E+18,NSE,NSE,INR,,,,,
233,342,RELINFRA,RELINFRA-I,RELINFRA FIRST FUTURES,0,0,1,1,0.01,1.48E+18,1.53E+18,1.53E+18,NSE,NSE,INR,,,,,
234,282,RELIANCE,RELIANCE-I,RELIANCE FIRST FUTURES,0,0,1,1,0.01,1.48E+18,1.53E+18,1.53E+18,NSE,NSE,INR,,,,,
235,306,IDBI,IDBI-I,IDBI FIRST FUTURES,0,0,1,1,0.01,1.48E+18,1.53E+18,1.53E+18,NSE,NSE,INR,,,,,
236,-1,,SBIN,SBIN,0,0,0,1,0.01,1.48E+18,1.53E+18,1.53E+18,NSE,NSE,INR,,,,,
237,-1,,CROMPGREAV,CROMPGREAV,0,0,0,1,0.01,1.48E+18,1.49E+18,1.49E+18,NSE,NSE,INR,,,,,
238,140,AXISBANK,AXISBANK-I,AXISBANK FIRST FUTURES,0,0,1,1,0.01,1.48E+18,1.53E+18,1.53E+18,NSE,NSE,INR,,,,,
239,-1,,OIL,OIL,0,0,0,1,0.01,1.48E+18,1.53E+18,1.53E+18,NSE,NSE,INR,,,,,
240,-1,,POWERGRID,POWERGRID,0,0,0,1,0.01,1.48E+18,1.53E+18,1.53E+18,NSE,NSE,INR,,,,,
241,-1,,ORIENTBANK,ORIENTBANK,0,0,0,1,0.01,1.48E+18,1.53E+18,1.53E+18,NSE,NSE,INR,,,,,
242,-1,,GLENMARK,GLENMARK,0,0,0,1,0.01,1.48E+18,1.53E+18,1.53E+18,NSE,NSE,INR,,,,,
243,224,BAJAJ-AUTO,BAJAJ-AUTO-I,BAJAJ-AUTO FIRST FUTURES,0,0,1,1,0.01,1.48E+18,1.53E+18,1.53E+18,NSE,NSE,INR,,,,,
244,324,L&TFH,L&TFH-I,L&TFH FIRST FUTURES,0,0,1,1,0.01,1.48E+18,1.53E+18,1.53E+18,NSE,NSE,INR,,,,,
245,225,ULTRACEMCO,ULTRACEMCO-I,ULTRACEMCO FIRST FUTURES,0,0,1,1,0.01,1.48E+18,1.53E+18,1.53E+18,NSE,NSE,INR,,,,,
246,130,JSWSTEEL,JSWSTEEL-I,JSWSTEEL FIRST FUTURES,0,0,1,1,0.01,1.48E+18,1.53E+18,1.53E+18,NSE,NSE,INR,,,,,
247,24,DABUR,DABUR-I,DABUR FIRST FUTURES,0,0,1,1,0.01,1.48E+18,1.53E+18,1.53E+18,NSE,NSE,INR,,,,,
248,-1,,CUMMINSIND,CUMMINSIND,0,0,0,1,0.01,1.48E+18,1.53E+18,1.53E+18,NSE,NSE,INR,,,,,
249,-1,,ENGINERSIN,ENGINERSIN,0,0,0,1,0.01,1.48E+18,1.53E+18,1.53E+18,NSE,NSE,INR,,,,,
250,63,TORNTPHARM,TORNTPHARM-I,TORNTPHARM FIRST FUTURES,0,0,1,1,0.01,1.48E+18,1.53E+18,1.53E+18,NSE,NSE,INR,,,,,
251,259,ASHOKLEY,ASHOKLEY-I,ASHOKLEY FIRST FUTURES,0,0,1,1,0.01,1.48E+18,1.53E+18,1.53E+18,NSE,NSE,INR,,,,,
252,-1,,BANKNIFTY-I,NIFTYBANK FIRST FUTURES,0,0,1,1,0.01,1.48E+18,1.53E+18,1.53E+18,NSE,NSE,INR,,,,,
253,-1,,AUROPHARMA,AUROPHARMA,0,0,0,1,0.01,1.48E+18,1.53E+18,1.53E+18,NSE,NSE,INR,,,,,
254,-1,,IOC,IOC,0,0,0,1,0.01,1.48E+18,1.53E+18,1.53E+18,NSE,NSE,INR,,,,,
255,-1,,IDFCBANK,IDFCBANK,0,0,0,1,0.01,1.48E+18,1.53E+18,1.53E+18,NSE,NSE,INR,,,,,
256,-1,,NIFTY-II,NIFTY50 SECOND FUTURES,0,0,1,1,0.01,1.48E+18,1.53E+18,1.53E+18,NSE,NSE,INR,,,,,
257,-1,,HINDALCO,HINDALCO,0,0,0,1,0.01,1.48E+18,1.53E+18,1.53E+18,NSE,NSE,INR,,,,,
258,-1,,ALBK,ALBK,0,0,0,1,0.01,1.48E+18,1.53E+18,1.53E+18,NSE,NSE,INR,,,,,
259,-1,,ASHOKLEY,ASHOKLEY,0,0,0,1,0.01,1.48E+18,1.53E+18,1.53E+18,NSE,NSE,INR,,,,,
260,18,MCLEODRUSS,MCLEODRUSS-I,MCLEODRUSS FIRST FUTURES,0,0,1,1,0.01,1.48E+18,1.49E+18,1.49E+18,NSE,NSE,INR,,,,,
261,-1,,BHARATFORG,BHARATFORG,0,0,0,1,0.01,1.48E+18,1.53E+18,1.53E+18,NSE,NSE,INR,,,,,
262,-1,,KPIT,KPIT,0,0,0,1,0.01,1.48E+18,1.53E+18,1.53E+18,NSE,NSE,INR,,,,,
263,34,EICHERMOT,EICHERMOT-I,EICHERMOT FIRST FUTURES,0,0,1,1,0.01,1.48E+18,1.53E+18,1.53E+18,NSE,NSE,INR,,,,,
264,310,TECHM,TECHM-I,TECHM FIRST FUTURES,0,0,1,1,0.01,1.48E+18,1.53E+18,1.53E+18,NSE,NSE,INR,,,,,
265,-1,,JSWENERGY,JSWENERGY,0,0,0,1,0.01,1.48E+18,1.52E+18,1.52E+18,NSE,NSE,INR,,,,,
266,194,DHFL,DHFL-I,DHFL FIRST FUTURES,0,0,1,1,0.01,1.48E+18,1.53E+18,1.53E+18,NSE,NSE,INR,,,,,
267,-1,,JETAIRWAYS,JETAIRWAYS,0,0,0,1,0.01,1.48E+18,1.53E+18,1.53E+18,NSE,NSE,INR,,,,,
268,239,OIL,OIL-I,OIL FIRST FUTURES,0,0,1,1,0.01,1.48E+18,1.53E+18,1.53E+18,NSE,NSE,INR,,,,,
269,-1,,LICHSGFIN,LICHSGFIN,0,0,0,1,0.01,1.48E+18,1.53E+18,1.53E+18,NSE,NSE,INR,,,,,
270,-1,,KTKBANK,KTKBANK,0,0,0,1,0.01,1.48E+18,1.53E+18,1.53E+18,NSE,NSE,INR,,,,,
271,-1,,ABIRLANUVO,ABIRLANUVO,0,0,0,1,0.01,1.48E+18,1.50E+18,1.50E+18,NSE,NSE,INR,,,,,
272,-1,,GMRINFRA,GMRINFRA,0,0,0,1,0.01,1.48E+18,1.53E+18,1.53E+18,NSE,NSE,INR,,,,,
273,90,MRF,MRF-I,MRF FIRST FUTURES,0,0,1,1,0.01,1.48E+18,1.53E+18,1.53E+18,NSE,NSE,INR,,,,,
274,-1,,NIFTY50,NIFTY50,0,0,0,1,0.01,1.48E+18,1.53E+18,1.53E+18,NSE,NSE,INR,,,,,
275,-1,,M&M,M&M,0,0,0,1,0.01,1.48E+18,1.53E+18,1.53E+18,NSE,NSE,INR,,,,,
276,179,GAIL,GAIL-I,GAIL FIRST FUTURES,0,0,1,1,0.01,1.48E+18,1.53E+18,1.53E+18,NSE,NSE,INR,,,,,
277,126,MINDTREE,MINDTREE-I,MINDTREE FIRST FUTURES,0,0,1,1,0.01,1.48E+18,1.53E+18,1.53E+18,NSE,NSE,INR,,,,,
278,4,BPCL,BPCL-I,BPCL FIRST FUTURES,0,0,1,1,0.01,1.48E+18,1.53E+18,1.53E+18,NSE,NSE,INR,,,,,
279,207,DRREDDY,DRREDDY-I,DRREDDY FIRST FUTURES,0,0,1,1,0.01,1.48E+18,1.53E+18,1.53E+18,NSE,NSE,INR,,,,,
280,-1,,OFSS,OFSS,0,0,0,1,0.01,1.48E+18,1.53E+18,1.53E+18,NSE,NSE,INR,,,,,
281,-1,,HINDZINC,HINDZINC,0,0,0,1,0.01,1.48E+18,1.53E+18,1.53E+18,NSE,NSE,INR,,,,,
282,-1,,RELIANCE,RELIANCE,0,0,0,1,0.01,1.48E+18,1.53E+18,1.53E+18,NSE,NSE,INR,,,,,
283,-1,,HEXAWARE,HEXAWARE,0,0,0,1,0.01,1.48E+18,1.53E+18,1.53E+18,NSE,NSE,INR,,,,,
284,289,CASTROLIND,CASTROLIND-I,CASTROLIND FIRST FUTURES,0,0,1,1,0.01,1.48E+18,1.53E+18,1.53E+18,NSE,NSE,INR,,,,,
285,-1,,GRANULES,GRANULES,0,0,0,1,0.01,1.48E+18,1.53E+18,1.53E+18,NSE,NSE,INR,,,,,
286,-1,,BOSCHLTD,BOSCHLTD,0,0,0,1,0.01,1.48E+18,1.53E+18,1.53E+18,NSE,NSE,INR,,,,,
287,-1,,SUNPHARMA,SUNPHARMA,0,0,0,1,0.01,1.48E+18,1.53E+18,1.53E+18,NSE,NSE,INR,,,,,
288,-1,,INFY,INFY,0,0,0,1,0.01,1.48E+18,1.53E+18,1.53E+18,NSE,NSE,INR,,,,,
289,-1,,CASTROLIND,CASTROLIND,0,0,0,1,0.01,1.48E+18,1.53E+18,1.53E+18,NSE,NSE,INR,,,,,
290,-1,,COLPAL,COLPAL,0,0,0,1,0.01,1.48E+18,1.53E+18,1.53E+18,NSE,NSE,INR,,,,,
291,-1,,IDFC,IDFC,0,0,0,1,0.01,1.48E+18,1.53E+18,1.53E+18,NSE,NSE,INR,,,,,
292,78,HDIL,HDIL-I,HDIL FIRST FUTURES,0,0,1,1,0.01,1.48E+18,1.52E+18,1.52E+18,NSE,NSE,INR,,,,,
293,-1,,CONCOR,CONCOR,0,0,0,1,0.01,1.48E+18,1.53E+18,1.53E+18,NSE,NSE,INR,,,,,
294,191,IGL,IGL-I,IGL FIRST FUTURES,0,0,1,1,0.01,1.48E+18,1.53E+18,1.53E+18,NSE,NSE,INR,,,,,
295,113,SYNDIBANK,SYNDIBANK-I,SYNDIBANK FIRST FUTURES,0,0,1,1,0.01,1.48E+18,1.53E+18,1.53E+18,NSE,NSE,INR,,,,,
296,159,CENTURYTEX,CENTURYTEX-I,CENTURYTEX FIRST FUTURES,0,0,1,1,0.01,1.48E+18,1.53E+18,1.53E+18,NSE,NSE,INR,,,,,
297,-1,,DCBBANK,DCBBANK,0,0,0,1,0.01,1.48E+18,1.53E+18,1.53E+18,NSE,NSE,INR,,,,,
298,206,WIPRO,WIPRO-I,WIPRO FIRST FUTURES,0,0,1,1,0.01,1.48E+18,1.53E+18,1.53E+18,NSE,NSE,INR,,,,,
299,-1,,AMARAJABAT,AMARAJABAT,0,0,0,1,0.01,1.48E+18,1.53E+18,1.53E+18,NSE,NSE,INR,,,,,
300,-1,,HINDPETRO,HINDPETRO,0,0,0,1,0.01,1.48E+18,1.53E+18,1.53E+18,NSE,NSE,INR,,,,,
301,302,ASIANPAINT,ASIANPAINT-I,ASIANPAINT FIRST FUTURES,0,0,1,1,0.01,1.48E+18,1.53E+18,1.53E+18,NSE,NSE,INR,,,,,
302,-1,,ASIANPAINT,ASIANPAINT,0,0,0,1,0.01,1.48E+18,1.53E+18,1.53E+18,NSE,NSE,INR,,,,,
303,288,INFY,INFY-I,INFY FIRST FUTURES,0,0,1,1,0.01,1.48E+18,1.53E+18,1.53E+18,NSE,NSE,INR,,,,,
304,223,VEDL,VEDL-I,VEDL FIRST FUTURES,0,0,1,1,0.01,1.48E+18,1.53E+18,1.53E+18,NSE,NSE,INR,,,,,
305,205,JPASSOCIAT,JPASSOCIAT-I,JPASSOCIAT FIRST FUTURES,0,0,1,1,0.01,1.48E+18,1.53E+18,1.53E+18,NSE,NSE,INR,,,,,
306,-1,,IDBI,IDBI,0,0,1,1,0.01,1.48E+18,1.53E+18,1.53E+18,NSE,NSE,INR,,,,,
307,-1,,BHEL,BHEL,0,0,0,1,0.01,1.48E+18,1.53E+18,1.53E+18,NSE,NSE,INR,,,,,
308,253,AUROPHARMA,AUROPHARMA-I,AUROPHARMA FIRST FUTURES,0,0,1,1,0.01,1.48E+18,1.53E+18,1.53E+18,NSE,NSE,INR,,,,,
309,-1,,TATASTEEL,TATASTEEL,0,0,0,1,0.01,1.48E+18,1.53E+18,1.53E+18,NSE,NSE,INR,,,,,
310,-1,,TECHM,TECHM,0,0,0,1,0.01,1.48E+18,1.53E+18,1.53E+18,NSE,NSE,INR,,,,,
311,48,UPL,UPL-I,UPL FIRST FUTURES,0,0,1,1,0.01,1.48E+18,1.53E+18,1.53E+18,NSE,NSE,INR,,,,,
312,-1,,KSCL,KSCL,0,0,0,1,0.01,1.48E+18,1.53E+18,1.53E+18,NSE,NSE,INR,,,,,
313,-1,,ONGC,ONGC,0,0,0,1,0.01,1.48E+18,1.53E+18,1.53E+18,NSE,NSE,INR,,,,,
314,53,SOUTHBANK,SOUTHBANK-I,SOUTHBANK FIRST FUTURES,0,0,1,1,0.01,1.48E+18,1.53E+18,1.53E+18,NSE,NSE,INR,,,,,
315,106,TATAMOTORS,TATAMOTORS-I,TATAMOTORS FIRST FUTURES,0,0,1,1,0.01,1.48E+18,1.53E+18,1.53E+18,NSE,NSE,INR,,,,,
316,312,KSCL,KSCL-I,KSCL FIRST FUTURES,0,0,1,1,0.01,1.48E+18,1.53E+18,1.53E+18,NSE,NSE,INR,,,,,
317,-1,,HDFC,HDFC,0,0,0,1,0.01,1.48E+18,1.53E+18,1.53E+18,NSE,NSE,INR,,,,,
318,267,JETAIRWAYS,JETAIRWAYS-I,JETAIRWAYS FIRST FUTURES,0,0,1,1,0.01,1.48E+18,1.53E+18,1.53E+18,NSE,NSE,INR,,,,,
319,144,APOLLOTYRE,APOLLOTYRE-I,APOLLOTYRE FIRST FUTURES,0,0,1,1,0.01,1.48E+18,1.53E+18,1.53E+18,NSE,NSE,INR,,,,,
320,241,ORIENTBANK,ORIENTBANK-I,ORIENTBANK FIRST FUTURES,0,0,1,1,0.01,1.48E+18,1.53E+18,1.53E+18,NSE,NSE,INR,,,,,
321,-1,,INFRATEL,INFRATEL,0,0,0,1,0.01,1.48E+18,1.53E+18,1.53E+18,NSE,NSE,INR,,,,,
322,-1,,IRB,IRB,0,0,0,1,0.01,1.48E+18,1.53E+18,1.53E+18,NSE,NSE,INR,,,,,
323,-1,,BRITANNIA,BRITANNIA,0,0,0,1,0.01,1.48E+18,1.53E+18,1.53E+18,NSE,NSE,INR,,,,,
324,-1,,L&TFH,L&TFH,0,0,0,1,0.01,1.48E+18,1.53E+18,1.53E+18,NSE,NSE,INR,,,,,
325,211,GRASIM,GRASIM-I,GRASIM FIRST FUTURES,0,0,1,1,0.01,1.48E+18,1.53E+18,1.53E+18,NSE,NSE,INR,,,,,
326,195,YESBANK,YESBANK-I,YESBANK FIRST FUTURES,0,0,1,1,0.01,1.48E+18,1.53E+18,1.53E+18,NSE,NSE,INR,,,,,
327,-1,,PCJEWELLER,PCJEWELLER,0,0,0,1,0.01,1.48E+18,1.53E+18,1.53E+18,NSE,NSE,INR,,,,,
328,-1,,SINTEX,SINTEX,0,0,0,1,0.01,1.48E+18,1.50E+18,1.50E+18,NSE,NSE,INR,,,,,
329,254,IOC,IOC-I,IOC FIRST FUTURES,0,0,1,1,0.01,1.48E+18,1.53E+18,1.53E+18,NSE,NSE,INR,,,,,
330,-1,,KOTAKBANK,KOTAKBANK,0,0,0,1,0.01,1.48E+18,1.53E+18,1.53E+18,NSE,NSE,INR,,,,,
331,-1,,JINDALSTEL,JINDALSTEL,0,0,0,1,0.01,1.48E+18,1.53E+18,1.53E+18,NSE,NSE,INR,,,,,
332,-1,,JUSTDIAL,JUSTDIAL,0,0,0,1,0.01,1.48E+18,1.53E+18,1.53E+18,NSE,NSE,INR,,,,,
333,-1,,CEATLTD,CEATLTD,0,0,0,1,0.01,1.48E+18,1.53E+18,1.53E+18,NSE,NSE,INR,,,,,
334,-1,,BANKINDIA,BANKINDIA,0,0,0,1,0.01,1.48E+18,1.53E+18,1.53E+18,NSE,NSE,INR,,,,,
335,-1,,NIFTYBANK,NIFTYBANK,0,0,0,1,0.01,1.48E+18,1.53E+18,1.53E+18,NSE,NSE,INR,,,,,
336,321,INFRATEL,INFRATEL-I,INFRATEL FIRST FUTURES,0,0,1,1,0.01,1.48E+18,1.53E+18,1.53E+18,NSE,NSE,INR,,,,,
337,-1,,DISHTV,DISHTV,0,0,0,1,0.01,1.48E+18,1.53E+18,1.53E+18,NSE,NSE,INR,,,,,
338,-1,,ADANIPORTS,ADANIPORTS,0,0,0,1,0.01,1.48E+18,1.53E+18,1.53E+18,NSE,NSE,INR,,,,,
339,203,NIITTECH,NIITTECH-I,NIITTECH FIRST FUTURES,0,0,1,1,0.01,1.48E+18,1.53E+18,1.53E+18,NSE,NSE,INR,,,,,
340,185,AJANTPHARM,AJANTPHARM-I,AJANTPHARM FIRST FUTURES,0,0,1,1,0.01,1.48E+18,1.53E+18,1.53E+18,NSE,NSE,INR,,,,,
341,200,BHARATFIN,BHARATFIN-I,BHARATFIN FIRST FUTURES,0,0,1,1,0.01,1.48E+18,1.53E+18,1.53E+18,NSE,NSE,INR,,,,,
342,-1,,RELINFRA,RELINFRA,0,0,0,1,0.01,1.48E+18,1.53E+18,1.53E+18,NSE,NSE,INR,,,,,
343,-1,,IFCI,IFCI,0,0,1,1,0.01,1.48E+18,1.53E+18,1.53E+18,NSE,NSE,INR,,,,,
344,220,IBULHSGFIN,IBULHSGFIN-I,IBULHSGFIN FIRST FUTURES,0,0,1,1,0.01,1.48E+18,1.53E+18,1.53E+18,NSE,NSE,INR,,,,,
345,-1,,HCLTECH,HCLTECH,0,0,0,1,0.01,1.48E+18,1.53E+18,1.53E+18,NSE,NSE,INR,,,,,
346,327,PCJEWELLER,PCJEWELLER-I,PCJEWELLER FIRST FUTURES,0,0,1,1,0.01,1.48E+18,1.53E+18,1.53E+18,NSE,NSE,INR,,,,,
347,-1,,PAGEIND,PAGEIND,0,0,0,1,0.01,1.48E+18,1.53E+18,1.53E+18,NSE,NSE,INR,,,,,
348,271,ABIRLANUVO,ABIRLANUVO-I,ABIRLANUVO FIRST FUTURES,0,0,1,1,0.01,1.48E+18,1.50E+18,1.50E+18,NSE,NSE,INR,,,,,
349,-1,,MARUTI,MARUTI,0,0,1,1,0.01,1.48E+18,1.53E+18,1.53E+18,NSE,NSE,INR,,,,,
350,197,NHPC,NHPC-I,NHPC FIRST FUTURES,0,0,1,1,0.01,1.48E+18,1.53E+18,1.53E+18,NSE,NSE,INR,,,,,
351,-1,,UNIONBANK,UNIONBANK,0,0,0,1,0.01,1.48E+18,1.53E+18,1.53E+18,NSE,NSE,INR,,,,,
352,-1,,SIEMENS,SIEMENS,0,0,0,1,0.01,1.48E+18,1.53E+18,1.53E+18,NSE,NSE,INR,,,,,
353,-1,,RECLTD,RECLTD,0,0,0,1,0.01,1.48E+18,1.53E+18,1.53E+18,NSE,NSE,INR,,,,,
354,221,INDUSINDBK,INDUSINDBK-I,INDUSINDBK FIRST FUTURES,0,0,1,1,0.01,1.48E+18,1.53E+18,1.53E+18,NSE,NSE,INR,,,,,
355,-1,,RPOWER,RPOWER,0,0,0,1,0.01,1.48E+18,1.53E+18,1.53E+18,NSE,NSE,INR,,,,,
356,-1,,WOCKPHARMA,WOCKPHARMA,0,0,0,1,0.01,1.48E+18,1.53E+18,1.53E+18,NSE,NSE,INR,,,,,
357,358,CGPOWER,CGPOWER-I,CGPOWER FIRST FUTURES,0,0,1,1,0.01,1.49E+18,1.53E+18,1.53E+18,NSE,NSE,INR,,,,,
358,-1,,CGPOWER,CGPOWER,0,0,0,1,0.01,1.49E+18,1.53E+18,1.53E+18,NSE,NSE,INR,,,,,
359,386,PEL,PEL-I,PEL FIRST FUTURES,0,0,1,1,0.01,1.49E+18,1.53E+18,1.53E+18,NSE,NSE,INR,,,,,
360,382,INDIANB,INDIANB-I,INDIANB FIRST FUTURES,0,0,1,1,0.01,1.49E+18,1.53E+18,1.53E+18,NSE,NSE,INR,,,,,
361,-1,,SUZLON,SUZLON,0,0,0,1,0.01,1.49E+18,1.53E+18,1.53E+18,NSE,NSE,INR,,,,,
362,-1,,CAPF,CAPF,0,0,0,1,0.01,1.49E+18,1.53E+18,1.53E+18,NSE,NSE,INR,,,,,
363,-1,,UJJIVAN,UJJIVAN,0,0,0,1,0.01,1.49E+18,1.53E+18,1.53E+18,NSE,NSE,INR,,,,,
364,368,DALMIABHA,DALMIABHA-I,DALMIABHA FIRST FUTURES,0,0,1,1,0.01,1.49E+18,1.53E+18,1.53E+18,NSE,NSE,INR,,,,,
365,-1,,EQUITAS,EQUITAS,0,0,0,1,0.01,1.49E+18,1.53E+18,1.53E+18,NSE,NSE,INR,,,,,
366,375,ESCORTS,ESCORTS-I,ESCORTS FIRST FUTURES,0,0,1,1,0.01,1.49E+18,1.53E+18,1.53E+18,NSE,NSE,INR,,,,,
367,361,SUZLON,SUZLON-I,SUZLON FIRST FUTURES,0,0,1,1,0.01,1.49E+18,1.53E+18,1.53E+18,NSE,NSE,INR,,,,,
368,-1,,DALMIABHA,DALMIABHA,0,0,0,1,0.01,1.49E+18,1.53E+18,1.53E+18,NSE,NSE,INR,,,,,
369,365,EQUITAS,EQUITAS-I,EQUITAS FIRST FUTURES,0,0,1,1,0.01,1.49E+18,1.53E+18,1.53E+18,NSE,NSE,INR,,,,,
370,-1,,MFSL,MFSL,0,0,0,1,0.01,1.49E+18,1.53E+18,1.53E+18,NSE,NSE,INR,,,,,
371,370,MFSL,MFSL-I,MFSL FIRST FUTURES,0,0,1,1,0.01,1.49E+18,1.53E+18,1.53E+18,NSE,NSE,INR,,,,,
372,-1,,INDIGO,INDIGO,0,0,0,1,0.01,1.49E+18,1.53E+18,1.53E+18,NSE,NSE,INR,,,,,
373,-1,,RDEL,RDEL,0,0,0,1,0.01,1.49E+18,1.51E+18,1.51E+18,NSE,NSE,INR,,,,,
374,372,INDIGO,INDIGO-I,INDIGO FIRST FUTURES,0,0,1,1,0.01,1.49E+18,1.53E+18,1.53E+18,NSE,NSE,INR,,,,,
375,-1,,ESCORTS,ESCORTS,0,0,0,1,0.01,1.49E+18,1.53E+18,1.53E+18,NSE,NSE,INR,,,,,
376,388,SHREECEM,SHREECEM-I,SHREECEM FIRST FUTURES,0,0,1,1,0.01,1.49E+18,1.53E+18,1.53E+18,NSE,NSE,INR,,,,,
377,373,RDEL,RDEL-I,RDEL FIRST FUTURES,0,0,1,1,0.01,1.49E+18,1.51E+18,1.51E+18,NSE,NSE,INR,,,,,
378,379,MUTHOOTFIN,MUTHOOTFIN-I,MUTHOOTFIN FIRST FUTURES,0,0,1,1,0.01,1.49E+18,1.53E+18,1.53E+18,NSE,NSE,INR,,,,,
379,-1,,MUTHOOTFIN,MUTHOOTFIN,0,0,0,1,0.01,1.49E+18,1.53E+18,1.53E+18,NSE,NSE,INR,,,,,
380,363,UJJIVAN,UJJIVAN-I,UJJIVAN FIRST FUTURES,0,0,1,1,0.01,1.49E+18,1.53E+18,1.53E+18,NSE,NSE,INR,,,,,
381,-1,,PVR,PVR,0,0,0,1,0.01,1.49E+18,1.53E+18,1.53E+18,NSE,NSE,INR,,,,,
382,-1,,INDIANB,INDIANB,0,0,0,1,0.01,1.49E+18,1.53E+18,1.53E+18,NSE,NSE,INR,,,,,
383,362,CAPF,CAPF-I,CAPF FIRST FUTURES,0,0,1,1,0.01,1.49E+18,1.53E+18,1.53E+18,NSE,NSE,INR,,,,,
384,-1,,INFIBEAM,INFIBEAM,0,0,0,1,0.01,1.49E+18,1.53E+18,1.53E+18,NSE,NSE,INR,,,,,
385,384,INFIBEAM,INFIBEAM-I,INFIBEAM FIRST FUTURES,0,0,1,1,0.01,1.49E+18,1.53E+18,1.53E+18,NSE,NSE,INR,,,,,
386,-1,,PEL,PEL,0,0,0,1,0.01,1.49E+18,1.53E+18,1.53E+18,NSE,NSE,INR,,,,,
387,381,PVR,PVR-I,PVR FIRST FUTURES,0,0,1,1,0.01,1.49E+18,1.53E+18,1.53E+18,NSE,NSE,INR,,,,,
388,-1,,SHREECEM,SHREECEM,0,0,0,1,0.01,1.49E+18,1.53E+18,1.53E+18,NSE,NSE,INR,,,,,
389,415,GODFRYPHLP,GODFRYPHLP-I,GODFRYPHLP FIRST FUTURES,0,0,1,1,0.01,1.49E+18,1.53E+18,1.53E+18,NSE,NSE,INR,,,,,
390,-1,,NBCC,NBCC,0,0,0,1,0.01,1.49E+18,1.53E+18,1.53E+18,NSE,NSE,INR,,,,,
391,407,BALRAMCHIN,BALRAMCHIN-I,BALRAMCHIN FIRST FUTURES,0,0,1,1,0.01,1.49E+18,1.53E+18,1.53E+18,NSE,NSE,INR,,,,,
392,402,NESTLEIND,NESTLEIND-I,NESTLEIND FIRST FUTURES,0,0,1,1,0.01,1.49E+18,1.53E+18,1.53E+18,NSE,NSE,INR,,,,,
393,397,CHOLAFIN,CHOLAFIN-I,CHOLAFIN FIRST FUTURES,0,0,1,1,0.01,1.49E+18,1.53E+18,1.53E+18,NSE,NSE,INR,,,,,
394,390,NBCC,NBCC-I,NBCC FIRST FUTURES,0,0,1,1,0.01,1.49E+18,1.53E+18,1.53E+18,NSE,NSE,INR,,,,,
395,-1,,BAJAJFINSV,BAJAJFINSV,0,0,0,1,0.01,1.49E+18,1.53E+18,1.53E+18,NSE,NSE,INR,,,,,
396,419,RAYMOND,RAYMOND-I,RAYMOND FIRST FUTURES,0,0,1,1,0.01,1.49E+18,1.53E+18,1.53E+18,NSE,NSE,INR,,,,,
397,-1,,CHOLAFIN,CHOLAFIN,0,0,0,1,0.01,1.49E+18,1.53E+18,1.53E+18,NSE,NSE,INR,,,,,
398,418,MRPL,MRPL-I,MRPL FIRST FUTURES,0,0,1,1,0.01,1.49E+18,1.53E+18,1.53E+18,NSE,NSE,INR,,,,,
399,-1,,GSFC,GSFC,0,0,0,1,0.01,1.49E+18,1.53E+18,1.53E+18,NSE,NSE,INR,,,,,
400,411,BERGEPAINT,BERGEPAINT-I,BERGEPAINT FIRST FUTURES,0,0,1,1,0.01,1.49E+18,1.53E+18,1.53E+18,NSE,NSE,INR,,,,,
401,408,BALKRISIND,BALKRISIND-I,BALKRISIND FIRST FUTURES,0,0,1,1,0.01,1.49E+18,1.53E+18,1.53E+18,NSE,NSE,INR,,,,,
402,-1,,NESTLEIND,NESTLEIND,0,0,0,1,0.01,1.49E+18,1.53E+18,1.53E+18,NSE,NSE,INR,,,,,
403,399,GSFC,GSFC-I,GSFC FIRST FUTURES,0,0,1,1,0.01,1.49E+18,1.53E+18,1.53E+18,NSE,NSE,INR,,,,,
404,-1,,CANFINHOME,CANFINHOME,0,0,0,1,0.01,1.49E+18,1.53E+18,1.53E+18,NSE,NSE,INR,,,,,
405,-1,,MGL,MGL,0,0,0,1,0.01,1.49E+18,1.53E+18,1.53E+18,NSE,NSE,INR,,,,,
406,409,MCX,MCX-I,MCX FIRST FUTURES,0,0,1,1,0.01,1.49E+18,1.53E+18,1.53E+18,NSE,NSE,INR,,,,,
407,-1,,BALRAMCHIN,BALRAMCHIN,0,0,0,1,0.01,1.49E+18,1.53E+18,1.53E+18,NSE,NSE,INR,,,,,
408,-1,,BALKRISIND,BALKRISIND,0,0,0,1,0.01,1.49E+18,1.53E+18,1.53E+18,NSE,NSE,INR,,,,,
409,-1,,MCX,MCX,0,0,0,1,0.01,1.49E+18,1.53E+18,1.53E+18,NSE,NSE,INR,,,,,
410,404,CANFINHOME,CANFINHOME-I,CANFINHOME FIRST FUTURES,0,0,1,1,0.01,1.49E+18,1.53E+18,1.53E+18,NSE,NSE,INR,,,,,
411,-1,,BERGEPAINT,BERGEPAINT,0,0,0,1,0.01,1.49E+18,1.53E+18,1.53E+18,NSE,NSE,INR,,,,,
412,395,BAJAJFINSV,BAJAJFINSV-I,BAJAJFINSV FIRST FUTURES,0,0,1,1,0.01,1.49E+18,1.53E+18,1.53E+18,NSE,NSE,INR,,,,,
413,405,MGL,MGL-I,MGL FIRST FUTURES,0,0,1,1,0.01,1.49E+18,1.53E+18,1.53E+18,NSE,NSE,INR,,,,,
414,416,FORTIS,FORTIS-I,FORTIS FIRST FUTURES,0,0,1,1,0.01,1.49E+18,1.52E+18,1.52E+18,NSE,NSE,INR,,,,,
415,-1,,GODFRYPHLP,GODFRYPHLP,0,0,0,1,0.01,1.49E+18,1.53E+18,1.53E+18,NSE,NSE,INR,,,,,
416,-1,,FORTIS,FORTIS,0,0,0,1,0.01,1.49E+18,1.52E+18,1.52E+18,NSE,NSE,INR,,,,,
417,420,VGUARD,VGUARD-I,VGUARD FIRST FUTURES,0,0,1,1,0.01,1.49E+18,1.53E+18,1.53E+18,NSE,NSE,INR,,,,,
418,-1,,MRPL,MRPL,0,0,0,1,0.01,1.49E+18,1.53E+18,1.53E+18,NSE,NSE,INR,,,,,
419,-1,,RAYMOND,RAYMOND,0,0,0,1,0.01,1.49E+18,1.53E+18,1.53E+18,NSE,NSE,INR,,,,,
420,-1,,VGUARD,VGUARD,0,0,0,1,0.01,1.49E+18,1.53E+18,1.53E+18,NSE,NSE,INR,,,,,
421,425,HCC,HCC-I,HCC FIRST FUTURES,0,0,1,1,0.01,1.50E+18,1.53E+18,1.53E+18,NSE,NSE,INR,,,,,
422,-1,,RAMCOCEM,RAMCOCEM,0,0,0,1,0.01,1.50E+18,1.53E+18,1.53E+18,NSE,NSE,INR,,,,,
423,427,KAJARIACER,KAJARIACER-I,KAJARIACER FIRST FUTURES,0,0,1,1,0.01,1.50E+18,1.53E+18,1.53E+18,NSE,NSE,INR,,,,,
424,-1,,NATIONALUM,NATIONALUM,0,0,0,1,0.01,1.50E+18,1.53E+18,1.53E+18,NSE,NSE,INR,,,,,
425,-1,,HCC,HCC,0,0,0,1,0.01,1.50E+18,1.53E+18,1.53E+18,NSE,NSE,INR,,,,,
426,428,RBLBANK,RBLBANK-I,RBLBANK FIRST FUTURES,0,0,1,1,0.01,1.50E+18,1.53E+18,1.53E+18,NSE,NSE,INR,,,,,
427,-1,,KAJARIACER,KAJARIACER,0,0,0,1,0.01,1.50E+18,1.53E+18,1.53E+18,NSE,NSE,INR,,,,,
428,-1,,RBLBANK,RBLBANK,0,0,0,1,0.01,1.50E+18,1.53E+18,1.53E+18,NSE,NSE,INR,,,,,
429,424,NATIONALUM,NATIONALUM-I,NATIONALUM FIRST FUTURES,0,0,1,1,0.01,1.50E+18,1.53E+18,1.53E+18,NSE,NSE,INR,,,,,
430,422,RAMCOCEM,RAMCOCEM-I,RAMCOCEM FIRST FUTURES,0,0,1,1,0.01,1.50E+18,1.53E+18,1.53E+18,NSE,NSE,INR,,,,,
431,438,MANAPPURAM,MANAPPURAM-I,MANAPPURAM FIRST FUTURES,0,0,1,1,0.01,1.50E+18,1.53E+18,1.53E+18,NSE,NSE,INR,,,,,
432,-1,,ICICIPRULI,ICICIPRULI,0,0,1,1,0.01,1.50E+18,1.53E+18,1.53E+18,NSE,NSE,INR,,,,,
433,432,ICICIPRULI,ICICIPRULI-I,ICICIPRULI FIRST FUTURES,0,0,1,1,0.01,1.50E+18,1.53E+18,1.53E+18,NSE,NSE,INR,,,,,
434,436,CHENNPETRO,CHENNPETRO-I,CHENNPETRO FIRST FUTURES,0,0,1,1,0.01,1.50E+18,1.53E+18,1.53E+18,NSE,NSE,INR,,,,,
435,-1,,REPCOHOME,REPCOHOME,0,0,0,1,0.01,1.50E+18,1.53E+18,1.53E+18,NSE,NSE,INR,,,,,
436,-1,,CHENNPETRO,CHENNPETRO,0,0,0,1,0.01,1.50E+18,1.53E+18,1.53E+18,NSE,NSE,INR,,,,,
437,440,SREINFRA,SREINFRA-I,SREINFRA FIRST FUTURES,0,0,1,1,0.01,1.50E+18,1.53E+18,1.53E+18,NSE,NSE,INR,,,,,
438,-1,,MANAPPURAM,MANAPPURAM,0,0,0,1,0.01,1.50E+18,1.53E+18,1.53E+18,NSE,NSE,INR,,,,,
439,435,REPCOHOME,REPCOHOME-I,REPCOHOME FIRST FUTURES,0,0,1,1,0.01,1.50E+18,1.53E+18,1.53E+18,NSE,NSE,INR,,,,,
440,-1,,SREINFRA,SREINFRA,0,0,0,1,0.01,1.50E+18,1.53E+18,1.53E+18,NSE,NSE,INR,,,,,
441,-1,,RNAVAL,RNAVAL,0,0,0,1,0.01,1.51E+18,1.53E+18,1.53E+18,NSE,NSE,INR,,,,,
442,441,RNAVAL,RNAVAL-I,RNAVAL FIRST FUTURES,0,0,1,1,0.01,1.51E+18,1.53E+18,1.53E+18,NSE,NSE,INR,,,,,
443,-1,,SPY,S&P500 ETF,0,0,0,1,0.01,1.18E+18,1.18E+18,1.18E+18,NYSE,NYSE,USD,,,,,
444,-1,,A,AGILENT TECHNOLOGIES INC,0,0,0,1,0.01,1.18E+18,1.18E+18,1.18E+18,NYSE,NYSE,USD,,,,,
445,-1,,AA,ALCOA CORP,0,0,0,1,0.01,1.18E+18,1.18E+18,1.18E+18,NYSE,NYSE,USD,,,,,
446,-1,,AAPL,APPLE INC,0,0,0,1,0.01,1.18E+18,1.18E+18,1.18E+18,NYSE,NYSE,USD,,,,,
447,-1,,ABC,AMERISOURCEBERGEN CORP,0,0,0,1,0.01,1.18E+18,1.18E+18,1.18E+18,NYSE,NYSE,USD,,,,,
448,-1,,ABI,ABI,0,0,0,1,0.01,1.18E+18,1.18E+18,1.18E+18,NYSE,NYSE,USD,,,,,
449,-1,,ABK,ABK,0,0,0,1,0.01,1.18E+18,1.18E+18,1.18E+18,NYSE,NYSE,USD,,,,,
450,-1,,ABT,ABBOTT LABORATORIES,0,0,0,1,0.01,1.18E+18,1.18E+18,1.18E+18,NYSE,NYSE,USD,,,,,
451,-1,,ACE,ACE,0,0,0,1,0.01,1.18E+18,1.18E+18,1.18E+18,NYSE,NYSE,USD,,,,,
452,-1,,ACS,AFFILIATED COMPUTER SERVICES INC,0,0,0,1,0.01,1.18E+18,1.18E+18,1.18E+18,NYSE,NYSE,USD,,,,,
453,-1,,ADBE,ADOBE SYSTEMS INC,0,0,0,1,0.01,1.18E+18,1.18E+18,1.18E+18,NYSE,NYSE,USD,,,,,
454,-1,,ADCT,ADC TELECOMMUNICATIONS INC,0,0,0,1,0.01,1.18E+18,1.18E+18,1.18E+18,NYSE,NYSE,USD,,,,,
455,-1,,ADI,ANALOG DEVICES INC,0,0,0,1,0.01,1.18E+18,1.18E+18,1.18E+18,NYSE,NYSE,USD,,,,,
456,-1,,ADM,ARCHER DANIELS MIDLAND CO,0,0,0,1,0.01,1.18E+18,1.18E+18,1.18E+18,NYSE,NYSE,USD,,,,,
457,-1,,ADP,AUTOMATIC DATA PROCESSING INC,0,0,0,1,0.01,1.18E+18,1.18E+18,1.18E+18,NYSE,NYSE,USD,,,,,
458,-1,,ADSK,AUTODESK INC,0,0,0,1,0.01,1.18E+18,1.18E+18,1.18E+18,NYSE,NYSE,USD,,,,,
459,-1,,AEE,AMEREN CORP,0,0,0,1,0.01,1.18E+18,1.18E+18,1.18E+18,NYSE,NYSE,USD,,,,,
460,-1,,AEP,AMERICAN ELECTRIC POWER CO INC,0,0,0,1,0.01,1.18E+18,1.18E+18,1.18E+18,NYSE,NYSE,USD,,,,,
461,-1,,AES,AES CORP,0,0,0,1,0.01,1.18E+18,1.18E+18,1.18E+18,NYSE,NYSE,USD,,,,,
462,-1,,AET,AETNA INC,0,0,0,1,0.01,1.18E+18,1.18E+18,1.18E+18,NYSE,NYSE,USD,,,,,
463,-1,,AFL,AFLAC INC,0,0,0,1,0.01,1.18E+18,1.18E+18,1.18E+18,NYSE,NYSE,USD,,,,,
464,-1,,AGN,ALLERGAN PLC,0,0,0,1,0.01,1.18E+18,1.18E+18,1.18E+18,NYSE,NYSE,USD,,,,,
465,-1,,AIG,AMERICAN INTERNATIONAL GROUP INC,0,0,0,1,0.01,1.18E+18,1.18E+18,1.18E+18,NYSE,NYSE,USD,,,,,
466,-1,,AIV,APARTMENT INVESTMENT & MANAGEMENT CO,0,0,0,1,0.01,1.18E+18,1.18E+18,1.18E+18,NYSE,NYSE,USD,,,,,
467,-1,,AIZ,ASSURANT INC,0,0,0,1,0.01,1.18E+18,1.18E+18,1.18E+18,NYSE,NYSE,USD,,,,,
468,-1,,ALL,ALLSTATE CORP,0,0,0,1,0.01,1.18E+18,1.18E+18,1.18E+18,NYSE,NYSE,USD,,,,,
469,-1,,ALTR,ALTAIR ENGINEERING INC.,0,0,0,1,0.01,1.18E+18,1.18E+18,1.18E+18,NYSE,NYSE,USD,,,,,
470,-1,,AMAT,APPLIED MATERIALS INC,0,0,0,1,0.01,1.18E+18,1.18E+18,1.18E+18,NYSE,NYSE,USD,,,,,
471,-1,,AMD,ADVANCED MICRO DEVICES INC,0,0,0,1,0.01,1.18E+18,1.18E+18,1.18E+18,NYSE,NYSE,USD,,,,,
472,-1,,AMGN,AMGEN INC,0,0,0,1,0.01,1.18E+18,1.18E+18,1.18E+18,NYSE,NYSE,USD,,,,,
473,-1,,AMP,AMERIPRISE FINANCIAL INC,0,0,0,1,0.01,1.18E+18,1.18E+18,1.18E+18,NYSE,NYSE,USD,,,,,
474,-1,,AMZN,AMAZON COM INC,0,0,0,1,0.01,1.18E+18,1.18E+18,1.18E+18,NYSE,NYSE,USD,,,,,
475,-1,,AN,"AUTONATION, INC.",0,0,0,1,0.01,1.18E+18,1.18E+18,1.18E+18,NYSE,NYSE,USD,,,,,
476,-1,,ANF,ABERCROMBIE & FITCH CO,0,0,0,1,0.01,1.18E+18,1.18E+18,1.18E+18,NYSE,NYSE,USD,,,,,
477,-1,,AOC,AOC,0,0,0,1,0.01,1.18E+18,1.18E+18,1.18E+18,NYSE,NYSE,USD,,,,,
478,-1,,APA,APACHE CORP,0,0,0,1,0.01,1.18E+18,1.18E+18,1.18E+18,NYSE,NYSE,USD,,,,,
479,-1,,APC,ANADARKO PETROLEUM CORP,0,0,0,1,0.01,1.18E+18,1.18E+18,1.18E+18,NYSE,NYSE,USD,,,,,
480,-1,,APD,AIR PRODUCTS & CHEMICALS INC,0,0,0,1,0.01,1.18E+18,1.18E+18,1.18E+18,NYSE,NYSE,USD,,,,,
481,-1,,APOL,APOLLO EDUCATION GROUP INC,0,0,0,1,0.01,1.18E+18,1.18E+18,1.18E+18,NYSE,NYSE,USD,,,,,
482,-1,,ASD,ASD,0,0,0,1,0.01,1.18E+18,1.18E+18,1.18E+18,NYSE,NYSE,USD,,,,,
483,-1,,ASH,ASHLAND GLOBAL HOLDINGS INC,0,0,0,1,0.01,1.18E+18,1.18E+18,1.18E+18,NYSE,NYSE,USD,,,,,
484,-1,,ASN,ARCHSTONE SMITH TRUST,0,0,0,1,0.01,1.18E+18,1.18E+18,1.18E+18,NYSE,NYSE,USD,,,,,
485,-1,,AT,ATLANTIC POWER CORP,0,0,0,1,0.01,1.18E+18,1.18E+18,1.18E+18,NYSE,NYSE,USD,,,,,
486,-1,,ATI,ALLEGHENY TECHNOLOGIES INC,0,0,0,1,0.01,1.18E+18,1.18E+18,1.18E+18,NYSE,NYSE,USD,,,,,
487,-1,,AV,AV,0,0,0,1,0.01,1.18E+18,1.18E+18,1.18E+18,NYSE,NYSE,USD,,,,,
488,-1,,AVB,AVALONBAY COMMUNITIES INC,0,0,0,1,0.01,1.18E+18,1.18E+18,1.18E+18,NYSE,NYSE,USD,,,,,
489,-1,,AVP,AVON PRODUCTS INC,0,0,0,1,0.01,1.18E+18,1.18E+18,1.18E+18,NYSE,NYSE,USD,,,,,
490,-1,,AVY,AVERY DENNISON CORP,0,0,0,1,0.01,1.18E+18,1.18E+18,1.18E+18,NYSE,NYSE,USD,,,,,
491,-1,,AW,"ALLIED WASTE INDUSTRIES, LLC",0,0,0,1,0.01,1.18E+18,1.18E+18,1.18E+18,NYSE,NYSE,USD,,,,,
492,-1,,AXP,AMERICAN EXPRESS CO,0,0,0,1,0.01,1.18E+18,1.18E+18,1.18E+18,NYSE,NYSE,USD,,,,,
493,-1,,AYE,"ALLEGHENY ENERGY, INC",0,0,0,1,0.01,1.18E+18,1.18E+18,1.18E+18,NYSE,NYSE,USD,,,,,
494,-1,,AZO,AUTOZONE INC,0,0,0,1,0.01,1.18E+18,1.18E+18,1.18E+18,NYSE,NYSE,USD,,,,,
495,-1,,BA,BOEING CO,0,0,0,1,0.01,1.18E+18,1.18E+18,1.18E+18,NYSE,NYSE,USD,,,,,
496,-1,,BAC,BANK OF AMERICA CORP,0,0,0,1,0.01,1.18E+18,1.18E+18,1.18E+18,NYSE,NYSE,USD,,,,,
497,-1,,BAX,BAXTER INTERNATIONAL INC,0,0,0,1,0.01,1.18E+18,1.18E+18,1.18E+18,NYSE,NYSE,USD,,,,,
498,-1,,BBBY,BED BATH & BEYOND INC,0,0,0,1,0.01,1.18E+18,1.18E+18,1.18E+18,NYSE,NYSE,USD,,,,,
499,-1,,BBT,BB&T CORP,0,0,0,1,0.01,1.18E+18,1.18E+18,1.18E+18,NYSE,NYSE,USD,,,,,
500,-1,,BBY,BEST BUY CO INC,0,0,0,1,0.01,1.18E+18,1.18E+18,1.18E+18,NYSE,NYSE,USD,,,,,
501,-1,,BC,BRUNSWICK CORP,0,0,0,1,0.01,1.18E+18,1.18E+18,1.18E+18,NYSE,NYSE,USD,,,,,
502,-1,,BCR,BARD C R INC,0,0,0,1,0.01,1.18E+18,1.18E+18,1.18E+18,NYSE,NYSE,USD,,,,,
503,-1,,BDK,BLACK & DECKER CORP,0,0,0,1,0.01,1.18E+18,1.18E+18,1.18E+18,NYSE,NYSE,USD,,,,,
504,-1,,BDX,BECTON DICKINSON & CO,0,0,0,1,0.01,1.18E+18,1.18E+18,1.18E+18,NYSE,NYSE,USD,,,,,
505,-1,,BEN,FRANKLIN RESOURCES INC,0,0,0,1,0.01,1.18E+18,1.18E+18,1.18E+18,NYSE,NYSE,USD,,,,,
506,-1,,BF.B,BF.B,0,0,0,1,0.01,1.18E+18,1.18E+18,1.18E+18,NYSE,NYSE,USD,,,,,
507,-1,,BHI,BAKER HUGHES INC,0,0,0,1,0.01,1.18E+18,1.18E+18,1.18E+18,NYSE,NYSE,USD,,,,,
508,-1,,BIG,BIG LOTS INC,0,0,0,1,0.01,1.18E+18,1.18E+18,1.18E+18,NYSE,NYSE,USD,,,,,
509,-1,,BIIB,BIOGEN INC.,0,0,0,1,0.01,1.18E+18,1.18E+18,1.18E+18,NYSE,NYSE,USD,,,,,
510,-1,,BJS,BJ SERVICES CO,0,0,0,1,0.01,1.18E+18,1.18E+18,1.18E+18,NYSE,NYSE,USD,,,,,
511,-1,,BK,BANK OF NEW YORK MELLON CORP,0,0,0,1,0.01,1.18E+18,1.18E+18,1.18E+18,NYSE,NYSE,USD,,,,,
512,-1,,BLL,BALL CORP,0,0,0,1,0.01,1.18E+18,1.18E+18,1.18E+18,NYSE,NYSE,USD,,,,,
513,-1,,BMC,BMC SOFTWARE INC,0,0,0,1,0.01,1.18E+18,1.18E+18,1.18E+18,NYSE,NYSE,USD,,,,,
514,-1,,BMET,BIOMET INC,0,0,0,1,0.01,1.18E+18,1.18E+18,1.18E+18,NYSE,NYSE,USD,,,,,
515,-1,,BMS,BEMIS CO INC,0,0,0,1,0.01,1.18E+18,1.18E+18,1.18E+18,NYSE,NYSE,USD,,,,,
516,-1,,BMY,BRISTOL MYERS SQUIBB CO,0,0,0,1,0.01,1.18E+18,1.18E+18,1.18E+18,NYSE,NYSE,USD,,,,,
517,-1,,BNI,"BURLINGTON NORTHERN SANTA FE, LLC",0,0,0,1,0.01,1.18E+18,1.18E+18,1.18E+18,NYSE,NYSE,USD,,,,,
518,-1,,BOL,BAUSCH & LOMB INC,0,0,0,1,0.01,1.18E+18,1.18E+18,1.18E+18,NYSE,NYSE,USD,,,,,
519,-1,,BRCM,BROADCOM CORP,0,0,0,1,0.01,1.18E+18,1.18E+18,1.18E+18,NYSE,NYSE,USD,,,,,
520,-1,,BRL,BARR PHARMACEUTICALS INC,0,0,0,1,0.01,1.18E+18,1.18E+18,1.18E+18,NYSE,NYSE,USD,,,,,
521,-1,,BSC,BEAR STEARNS COMPANIES INC,0,0,0,1,0.01,1.18E+18,1.18E+18,1.18E+18,NYSE,NYSE,USD,,,,,
522,-1,,BSX,BOSTON SCIENTIFIC CORP,0,0,0,1,0.01,1.18E+18,1.18E+18,1.18E+18,NYSE,NYSE,USD,,,,,
523,-1,,BTU,PEABODY ENERGY CORP,0,0,0,1,0.01,1.18E+18,1.18E+18,1.18E+18,NYSE,NYSE,USD,,,,,
524,-1,,BUD,ANHEUSER-BUSCH INBEV SA (Foreign),0,0,0,1,0.01,1.18E+18,1.18E+18,1.18E+18,NYSE,NYSE,USD,,,,,
525,-1,,BXP,BOSTON PROPERTIES INC,0,0,0,1,0.01,1.18E+18,1.18E+18,1.18E+18,NYSE,NYSE,USD,,,,,
526,-1,,C,CITIGROUP INC,0,0,0,1,0.01,1.18E+18,1.18E+18,1.18E+18,NYSE,NYSE,USD,,,,,
527,-1,,CA,"CA, INC.",0,0,0,1,0.01,1.18E+18,1.18E+18,1.18E+18,NYSE,NYSE,USD,,,,,
528,-1,,CAG,CONAGRA BRANDS INC.,0,0,0,1,0.01,1.18E+18,1.18E+18,1.18E+18,NYSE,NYSE,USD,,,,,
529,-1,,CAH,CARDINAL HEALTH INC,0,0,0,1,0.01,1.18E+18,1.18E+18,1.18E+18,NYSE,NYSE,USD,,,,,
530,-1,,CAT,CATERPILLAR INC,0,0,0,1,0.01,1.18E+18,1.18E+18,1.18E+18,NYSE,NYSE,USD,,,,,
531,-1,,CB,CHUBB LTD,0,0,0,1,0.01,1.18E+18,1.18E+18,1.18E+18,NYSE,NYSE,USD,,,,,
532,-1,,CBE,COOPER INDUSTRIES PLC,0,0,0,1,0.01,1.18E+18,1.18E+18,1.18E+18,NYSE,NYSE,USD,,,,,
533,-1,,CBG,"CBRE GROUP, INC.",0,0,0,1,0.01,1.18E+18,1.18E+18,1.18E+18,NYSE,NYSE,USD,,,,,
534,-1,,CBH,CBH,0,0,0,1,0.01,1.18E+18,1.18E+18,1.18E+18,NYSE,NYSE,USD,,,,,
535,-1,,CBS,CBS CORP,0,0,0,1,0.01,1.18E+18,1.18E+18,1.18E+18,NYSE,NYSE,USD,,,,,
536,-1,,CBSS,COMPASS BANCSHARES INC,0,0,0,1,0.01,1.18E+18,1.18E+18,1.18E+18,NYSE,NYSE,USD,,,,,
537,-1,,CC,CHEMOURS CO,0,0,0,1,0.01,1.18E+18,1.18E+18,1.18E+18,NYSE,NYSE,USD,,,,,
538,-1,,CCE,COCA-COLA EUROPEAN PARTNERS PLC (Foreign),0,0,0,1,0.01,1.18E+18,1.18E+18,1.18E+18,NYSE,NYSE,USD,,,,,
539,-1,,CCL,CARNIVAL CORP,0,0,0,1,0.01,1.18E+18,1.18E+18,1.18E+18,NYSE,NYSE,USD,,,,,
540,-1,,CCU,COMPANIA CERVECERIAS UNIDAS S.A. (Foreign),0,0,0,1,0.01,1.18E+18,1.18E+18,1.18E+18,NYSE,NYSE,USD,,,,,
541,-1,,CEG,CONSTELLATION ENERGY GROUP INC,0,0,0,1,0.01,1.18E+18,1.18E+18,1.18E+18,NYSE,NYSE,USD,,,,,
542,-1,,CELG,CELGENE CORP,0,0,0,1,0.01,1.18E+18,1.18E+18,1.18E+18,NYSE,NYSE,USD,,,,,
543,-1,,CFC,COUNTRYWIDE FINANCIAL CORP,0,0,0,1,0.01,1.18E+18,1.18E+18,1.18E+18,NYSE,NYSE,USD,,,,,
544,-1,,CHK,CHESAPEAKE ENERGY CORP,0,0,0,1,0.01,1.18E+18,1.18E+18,1.18E+18,NYSE,NYSE,USD,,,,,
545,-1,,CHRW,C H ROBINSON WORLDWIDE INC,0,0,0,1,0.01,1.18E+18,1.18E+18,1.18E+18,NYSE,NYSE,USD,,,,,
546,-1,,CI,CIGNA CORP,0,0,0,1,0.01,1.18E+18,1.18E+18,1.18E+18,NYSE,NYSE,USD,,,,,
547,-1,,CIEN,CIENA CORP,0,0,0,1,0.01,1.18E+18,1.18E+18,1.18E+18,NYSE,NYSE,USD,,,,,
548,-1,,CINF,CINCINNATI FINANCIAL CORP,0,0,0,1,0.01,1.18E+18,1.18E+18,1.18E+18,NYSE,NYSE,USD,,,,,
549,-1,,CIT,CIT GROUP INC,0,0,0,1,0.01,1.18E+18,1.18E+18,1.18E+18,NYSE,NYSE,USD,,,,,
550,-1,,CL,COLGATE PALMOLIVE CO,0,0,0,1,0.01,1.18E+18,1.18E+18,1.18E+18,NYSE,NYSE,USD,,,,,
551,-1,,CLX,CLOROX CO,0,0,0,1,0.01,1.18E+18,1.18E+18,1.18E+18,NYSE,NYSE,USD,,,,,
552,-1,,CMA,COMERICA INC,0,0,0,1,0.01,1.18E+18,1.18E+18,1.18E+18,NYSE,NYSE,USD,,,,,
553,-1,,CMCSA,COMCAST CORP,0,0,0,1,0.01,1.18E+18,1.18E+18,1.18E+18,NYSE,NYSE,USD,,,,,
554,-1,,CME,CME GROUP INC.,0,0,0,1,0.01,1.18E+18,1.18E+18,1.18E+18,NYSE,NYSE,USD,,,,,
555,-1,,CMI,CUMMINS INC,0,0,0,1,0.01,1.18E+18,1.18E+18,1.18E+18,NYSE,NYSE,USD,,,,,
556,-1,,CMS,CMS ENERGY CORP,0,0,0,1,0.01,1.18E+18,1.18E+18,1.18E+18,NYSE,NYSE,USD,,,,,
557,-1,,CNP,CENTERPOINT ENERGY INC,0,0,0,1,0.01,1.18E+18,1.18E+18,1.18E+18,NYSE,NYSE,USD,,,,,
558,-1,,CNX,CNX RESOURCES CORP,0,0,0,1,0.01,1.18E+18,1.18E+18,1.18E+18,NYSE,NYSE,USD,,,,,
559,-1,,COF,CAPITAL ONE FINANCIAL CORP,0,0,0,1,0.01,1.18E+18,1.18E+18,1.18E+18,NYSE,NYSE,USD,,,,,
560,-1,,COH,COH,0,0,0,1,0.01,1.18E+18,1.18E+18,1.18E+18,NYSE,NYSE,USD,,,,,
561,-1,,COL,ROCKWELL COLLINS INC,0,0,0,1,0.01,1.18E+18,1.18E+18,1.18E+18,NYSE,NYSE,USD,,,,,
562,-1,,COP,CONOCOPHILLIPS,0,0,0,1,0.01,1.18E+18,1.18E+18,1.18E+18,NYSE,NYSE,USD,,,,,
563,-1,,COST,COSTCO WHOLESALE CORP,0,0,0,1,0.01,1.18E+18,1.18E+18,1.18E+18,NYSE,NYSE,USD,,,,,
564,-1,,CPB,CAMPBELL SOUP CO,0,0,0,1,0.01,1.18E+18,1.18E+18,1.18E+18,NYSE,NYSE,USD,,,,,
565,-1,,CPWR,COMPUWARE CORP,0,0,0,1,0.01,1.18E+18,1.18E+18,1.18E+18,NYSE,NYSE,USD,,,,,
566,-1,,CSC,COMPUTER SCIENCES CORP,0,0,0,1,0.01,1.18E+18,1.18E+18,1.18E+18,NYSE,NYSE,USD,,,,,
567,-1,,CSCO,"CISCO SYSTEMS, INC.",0,0,0,1,0.01,1.18E+18,1.18E+18,1.18E+18,NYSE,NYSE,USD,,,,,
568,-1,,CSX,CSX CORP,0,0,0,1,0.01,1.18E+18,1.18E+18,1.18E+18,NYSE,NYSE,USD,,,,,
569,-1,,CTAS,CINTAS CORP,0,0,0,1,0.01,1.18E+18,1.18E+18,1.18E+18,NYSE,NYSE,USD,,,,,
570,-1,,CTL,"CENTURYLINK, INC",0,0,0,1,0.01,1.18E+18,1.18E+18,1.18E+18,NYSE,NYSE,USD,,,,,
571,-1,,CTSH,COGNIZANT TECHNOLOGY SOLUTIONS CORP,0,0,0,1,0.01,1.18E+18,1.18E+18,1.18E+18,NYSE,NYSE,USD,,,,,
572,-1,,CTX,CENTEX CORP,0,0,0,1,0.01,1.18E+18,1.18E+18,1.18E+18,NYSE,NYSE,USD,,,,,
573,-1,,CTXS,CITRIX SYSTEMS INC,0,0,0,1,0.01,1.18E+18,1.18E+18,1.18E+18,NYSE,NYSE,USD,,,,,
574,-1,,CVG,CONVERGYS CORP,0,0,0,1,0.01,1.18E+18,1.18E+18,1.18E+18,NYSE,NYSE,USD,,,,,
575,-1,,CVH,COVENTRY HEALTH CARE INC,0,0,0,1,0.01,1.18E+18,1.18E+18,1.18E+18,NYSE,NYSE,USD,,,,,
576,-1,,CVS,CVS HEALTH CORP,0,0,0,1,0.01,1.18E+18,1.18E+18,1.18E+18,NYSE,NYSE,USD,,,,,
577,-1,,CVX,CHEVRON CORP,0,0,0,1,0.01,1.18E+18,1.18E+18,1.18E+18,NYSE,NYSE,USD,,,,,
578,-1,,CZN,CZN,0,0,0,1,0.01,1.18E+18,1.18E+18,1.18E+18,NYSE,NYSE,USD,,,,,
579,-1,,D,DOMINION ENERGY INC,0,0,0,1,0.01,1.18E+18,1.18E+18,1.18E+18,NYSE,NYSE,USD,,,,,
580,-1,,DD,DUPONT E I DE NEMOURS & CO,0,0,0,1,0.01,1.18E+18,1.18E+18,1.18E+18,NYSE,NYSE,USD,,,,,
581,-1,,DDR,DDR CORP,0,0,0,1,0.01,1.18E+18,1.18E+18,1.18E+18,NYSE,NYSE,USD,,,,,
582,-1,,DDS,"DILLARD'S, INC.",0,0,0,1,0.01,1.18E+18,1.18E+18,1.18E+18,NYSE,NYSE,USD,,,,,
583,-1,,DE,DEERE & CO,0,0,0,1,0.01,1.18E+18,1.18E+18,1.18E+18,NYSE,NYSE,USD,,,,,
584,-1,,DELL,DELL INC,0,0,0,1,0.01,1.18E+18,1.18E+18,1.18E+18,NYSE,NYSE,USD,,,,,
585,-1,,DF,DEAN FOODS CO,0,0,0,1,0.01,1.18E+18,1.18E+18,1.18E+18,NYSE,NYSE,USD,,,,,
586,-1,,DG,DOLLAR GENERAL CORP,0,0,0,1,0.01,1.18E+18,1.18E+18,1.18E+18,NYSE,NYSE,USD,,,,,
587,-1,,DGX,QUEST DIAGNOSTICS INC,0,0,0,1,0.01,1.18E+18,1.18E+18,1.18E+18,NYSE,NYSE,USD,,,,,
588,-1,,DHI,HORTON D R INC,0,0,0,1,0.01,1.18E+18,1.18E+18,1.18E+18,NYSE,NYSE,USD,,,,,
589,-1,,DHR,DANAHER CORP,0,0,0,1,0.01,1.18E+18,1.18E+18,1.18E+18,NYSE,NYSE,USD,,,,,
590,-1,,DIS,WALT DISNEY CO,0,0,0,1,0.01,1.18E+18,1.18E+18,1.18E+18,NYSE,NYSE,USD,,,,,
591,-1,,DJ,DOW JONES & CO INC,0,0,0,1,0.01,1.18E+18,1.18E+18,1.18E+18,NYSE,NYSE,USD,,,,,
592,-1,,DOV,DOVER CORP,0,0,0,1,0.01,1.18E+18,1.18E+18,1.18E+18,NYSE,NYSE,USD,,,,,
593,-1,,DOW,DOW,0,0,0,1,0.01,1.18E+18,1.18E+18,1.18E+18,NYSE,NYSE,USD,,,,,
594,-1,,DRI,DARDEN RESTAURANTS INC,0,0,0,1,0.01,1.18E+18,1.18E+18,1.18E+18,NYSE,NYSE,USD,,,,,
595,-1,,DTE,DTE ENERGY CO,0,0,0,1,0.01,1.18E+18,1.18E+18,1.18E+18,NYSE,NYSE,USD,,,,,
596,-1,,DTV,DTV,0,0,0,1,0.01,1.18E+18,1.18E+18,1.18E+18,NYSE,NYSE,USD,,,,,
597,-1,,DUK,DUKE ENERGY CORP,0,0,0,1,0.01,1.18E+18,1.18E+18,1.18E+18,NYSE,NYSE,USD,,,,,
598,-1,,DVN,DEVON ENERGY CORP,0,0,0,1,0.01,1.18E+18,1.18E+18,1.18E+18,NYSE,NYSE,USD,,,,,
599,-1,,DYN,DYNEGY INC.,0,0,0,1,0.01,1.18E+18,1.18E+18,1.18E+18,NYSE,NYSE,USD,,,,,
600,-1,,EBAY,EBAY INC,0,0,0,1,0.01,1.18E+18,1.18E+18,1.18E+18,NYSE,NYSE,USD,,,,,
601,-1,,ECL,ECOLAB INC.,0,0,0,1,0.01,1.18E+18,1.18E+18,1.18E+18,NYSE,NYSE,USD,,,,,
602,-1,,ED,CONSOLIDATED EDISON INC,0,0,0,1,0.01,1.18E+18,1.18E+18,1.18E+18,NYSE,NYSE,USD,,,,,
603,-1,,EDS,ELECTRONIC DATA SYSTEMS CORP,0,0,0,1,0.01,1.18E+18,1.18E+18,1.18E+18,NYSE,NYSE,USD,,,,,
604,-1,,EFX,EQUIFAX INC,0,0,0,1,0.01,1.18E+18,1.18E+18,1.18E+18,NYSE,NYSE,USD,,,,,
605,-1,,EIX,EDISON INTERNATIONAL,0,0,0,1,0.01,1.18E+18,1.18E+18,1.18E+18,NYSE,NYSE,USD,,,,,
606,-1,,EK,EK,0,0,0,1,0.01,1.18E+18,1.18E+18,1.18E+18,NYSE,NYSE,USD,,,,,
607,-1,,EL,ESTEE LAUDER COMPANIES INC,0,0,0,1,0.01,1.18E+18,1.18E+18,1.18E+18,NYSE,NYSE,USD,,,,,
608,-1,,EMC,EMC CORP,0,0,0,1,0.01,1.18E+18,1.18E+18,1.18E+18,NYSE,NYSE,USD,,,,,
609,-1,,EMN,EASTMAN CHEMICAL CO,0,0,0,1,0.01,1.18E+18,1.18E+18,1.18E+18,NYSE,NYSE,USD,,,,,
610,-1,,EMR,EMERSON ELECTRIC CO,0,0,0,1,0.01,1.18E+18,1.18E+18,1.18E+18,NYSE,NYSE,USD,,,,,
611,-1,,EOG,EOG RESOURCES INC,0,0,0,1,0.01,1.18E+18,1.18E+18,1.18E+18,NYSE,NYSE,USD,,,,,
612,-1,,EP,EL PASO CORP,0,0,0,1,0.01,1.18E+18,1.18E+18,1.18E+18,NYSE,NYSE,USD,,,,,
613,-1,,EQ,EMBARQ CORP,0,0,0,1,0.01,1.18E+18,1.18E+18,1.18E+18,NYSE,NYSE,USD,,,,,
614,-1,,EQR,EQUITY RESIDENTIAL,0,0,0,1,0.01,1.18E+18,1.18E+18,1.18E+18,NYSE,NYSE,USD,,,,,
615,-1,,ERTS,ERTS,0,0,0,1,0.01,1.18E+18,1.18E+18,1.18E+18,NYSE,NYSE,USD,,,,,
616,-1,,ESRX,EXPRESS SCRIPTS HOLDING CO.,0,0,0,1,0.01,1.18E+18,1.18E+18,1.18E+18,NYSE,NYSE,USD,,,,,
617,-1,,ESV,ENSCO PLC,0,0,0,1,0.01,1.18E+18,1.18E+18,1.18E+18,NYSE,NYSE,USD,,,,,
618,-1,,ETFC,E TRADE FINANCIAL CORP,0,0,0,1,0.01,1.18E+18,1.18E+18,1.18E+18,NYSE,NYSE,USD,,,,,
619,-1,,ETN,EATON CORP PLC,0,0,0,1,0.01,1.18E+18,1.18E+18,1.18E+18,NYSE,NYSE,USD,,,,,
620,-1,,ETR,ENTERGY CORP,0,0,0,1,0.01,1.18E+18,1.18E+18,1.18E+18,NYSE,NYSE,USD,,,,,
621,-1,,EXC,EXELON CORP,0,0,0,1,0.01,1.18E+18,1.18E+18,1.18E+18,NYSE,NYSE,USD,,,,,
622,-1,,F,FORD MOTOR CO,0,0,0,1,0.01,1.18E+18,1.18E+18,1.18E+18,NYSE,NYSE,USD,,,,,
623,-1,,FCX,FREEPORT-MCMORAN INC,0,0,0,1,0.01,1.18E+18,1.18E+18,1.18E+18,NYSE,NYSE,USD,,,,,
624,-1,,FD,FD,0,0,0,1,0.01,1.18E+18,1.18E+18,1.18E+18,NYSE,NYSE,USD,,,,,
625,-1,,FDC,FIRST DATA CORP,0,0,0,1,0.01,1.18E+18,1.18E+18,1.18E+18,NYSE,NYSE,USD,,,,,
626,-1,,FDO,FAMILY DOLLAR STORES INC,0,0,0,1,0.01,1.18E+18,1.18E+18,1.18E+18,NYSE,NYSE,USD,,,,,
627,-1,,FDX,FEDEX CORP,0,0,0,1,0.01,1.18E+18,1.18E+18,1.18E+18,NYSE,NYSE,USD,,,,,
628,-1,,FE,FIRSTENERGY CORP,0,0,0,1,0.01,1.18E+18,1.18E+18,1.18E+18,NYSE,NYSE,USD,,,,,
629,-1,,FHN,FIRST HORIZON NATIONAL CORP,0,0,0,1,0.01,1.18E+18,1.18E+18,1.18E+18,NYSE,NYSE,USD,,,,,
630,-1,,FII,FEDERATED INVESTORS INC,0,0,0,1,0.01,1.18E+18,1.18E+18,1.18E+18,NYSE,NYSE,USD,,,,,
631,-1,,FIS,"FIDELITY NATIONAL INFORMATION SERVICES, INC.",0,0,0,1,0.01,1.18E+18,1.18E+18,1.18E+18,NYSE,NYSE,USD,,,,,
632,-1,,FISV,FISERV INC,0,0,0,1,0.01,1.18E+18,1.18E+18,1.18E+18,NYSE,NYSE,USD,,,,,
633,-1,,FITB,FIFTH THIRD BANCORP,0,0,0,1,0.01,1.18E+18,1.18E+18,1.18E+18,NYSE,NYSE,USD,,,,,
634,-1,,FLR,FLUOR CORP,0,0,0,1,0.01,1.18E+18,1.18E+18,1.18E+18,NYSE,NYSE,USD,,,,,
635,-1,,FNM,FNM,0,0,0,1,0.01,1.18E+18,1.18E+18,1.18E+18,NYSE,NYSE,USD,,,,,
636,-1,,FO,FO,0,0,0,1,0.01,1.18E+18,1.18E+18,1.18E+18,NYSE,NYSE,USD,,,,,
637,-1,,FPL,FPL,0,0,0,1,0.01,1.18E+18,1.18E+18,1.18E+18,NYSE,NYSE,USD,,,,,
638,-1,,FRE,FRE,0,0,0,1,0.01,1.18E+18,1.18E+18,1.18E+18,NYSE,NYSE,USD,,,,,
639,-1,,FRX,FOREST LABORATORIES INC,0,0,0,1,0.01,1.18E+18,1.18E+18,1.18E+18,NYSE,NYSE,USD,,,,,
640,-1,,GAS,AGL RESOURCES INC,0,0,0,1,0.01,1.18E+18,1.18E+18,1.18E+18,NYSE,NYSE,USD,,,,,
641,-1,,GCI,"GANNETT CO., INC.",0,0,0,1,0.01,1.18E+18,1.18E+18,1.18E+18,NYSE,NYSE,USD,,,,,
642,-1,,GD,GENERAL DYNAMICS CORP,0,0,0,1,0.01,1.18E+18,1.18E+18,1.18E+18,NYSE,NYSE,USD,,,,,
643,-1,,GE,GENERAL ELECTRIC CO,0,0,0,1,0.01,1.18E+18,1.18E+18,1.18E+18,NYSE,NYSE,USD,,,,,
644,-1,,GENZ,GENZYME CORP,0,0,0,1,0.01,1.18E+18,1.18E+18,1.18E+18,NYSE,NYSE,USD,,,,,
645,-1,,GILD,GILEAD SCIENCES INC,0,0,0,1,0.01,1.18E+18,1.18E+18,1.18E+18,NYSE,NYSE,USD,,,,,
646,-1,,GIS,GENERAL MILLS INC,0,0,0,1,0.01,1.18E+18,1.18E+18,1.18E+18,NYSE,NYSE,USD,,,,,
647,-1,,GLW,CORNING INC,0,0,0,1,0.01,1.18E+18,1.18E+18,1.18E+18,NYSE,NYSE,USD,,,,,
648,-1,,GM,GENERAL MOTORS CO,0,0,0,1,0.01,1.18E+18,1.18E+18,1.18E+18,NYSE,NYSE,USD,,,,,
649,-1,,GNW,GENWORTH FINANCIAL INC,0,0,0,1,0.01,1.18E+18,1.18E+18,1.18E+18,NYSE,NYSE,USD,,,,,
650,-1,,GOOG,GOOG,0,0,0,1,0.01,1.18E+18,1.18E+18,1.18E+18,NYSE,NYSE,USD,,,,,
651,-1,,GPC,GENUINE PARTS CO,0,0,0,1,0.01,1.18E+18,1.18E+18,1.18E+18,NYSE,NYSE,USD,,,,,
652,-1,,GPS,GAP INC,0,0,0,1,0.01,1.18E+18,1.18E+18,1.18E+18,NYSE,NYSE,USD,,,,,
653,-1,,GR,GOODRICH CORP,0,0,0,1,0.01,1.18E+18,1.18E+18,1.18E+18,NYSE,NYSE,USD,,,,,
654,-1,,GS,GOLDMAN SACHS GROUP INC,0,0,0,1,0.01,1.18E+18,1.18E+18,1.18E+18,NYSE,NYSE,USD,,,,,
655,-1,,GT,GOODYEAR TIRE & RUBBER CO,0,0,0,1,0.01,1.18E+18,1.18E+18,1.18E+18,NYSE,NYSE,USD,,,,,
656,-1,,GWW,GRAINGER W W INC,0,0,0,1,0.01,1.18E+18,1.18E+18,1.18E+18,NYSE,NYSE,USD,,,,,
657,-1,,HAL,HALLIBURTON CO,0,0,0,1,0.01,1.18E+18,1.18E+18,1.18E+18,NYSE,NYSE,USD,,,,,
658,-1,,HAR,HARMAN INTERNATIONAL INDUSTRIES INC,0,0,0,1,0.01,1.18E+18,1.18E+18,1.18E+18,NYSE,NYSE,USD,,,,,
659,-1,,HAS,HASBRO INC,0,0,0,1,0.01,1.18E+18,1.18E+18,1.18E+18,NYSE,NYSE,USD,,,,,
660,-1,,HBAN,HUNTINGTON BANCSHARES INC,0,0,0,1,0.01,1.18E+18,1.18E+18,1.18E+18,NYSE,NYSE,USD,,,,,
661,-1,,HCBK,HUDSON CITY BANCORP INC,0,0,0,1,0.01,1.18E+18,1.18E+18,1.18E+18,NYSE,NYSE,USD,,,,,
662,-1,,HCR,MANOR CARE INC,0,0,0,1,0.01,1.18E+18,1.18E+18,1.18E+18,NYSE,NYSE,USD,,,,,
663,-1,,HD,HOME DEPOT INC,0,0,0,1,0.01,1.18E+18,1.18E+18,1.18E+18,NYSE,NYSE,USD,,,,,
664,-1,,HES,HESS CORP,0,0,0,1,0.01,1.18E+18,1.18E+18,1.18E+18,NYSE,NYSE,USD,,,,,
665,-1,,HET,HET,0,0,0,1,0.01,1.18E+18,1.18E+18,1.18E+18,NYSE,NYSE,USD,,,,,
666,-1,,HIG,HARTFORD FINANCIAL SERVICES GROUP INC,0,0,0,1,0.01,1.18E+18,1.18E+18,1.18E+18,NYSE,NYSE,USD,,,,,
667,-1,,HLT,HILTON WORLDWIDE HOLDINGS INC.,0,0,0,1,0.01,1.18E+18,1.18E+18,1.18E+18,NYSE,NYSE,USD,,,,,
668,-1,,HNZ,HEINZ H J CO,0,0,0,1,0.01,1.18E+18,1.18E+18,1.18E+18,NYSE,NYSE,USD,,,,,
669,-1,,HOG,HARLEY DAVIDSON INC,0,0,0,1,0.01,1.18E+18,1.18E+18,1.18E+18,NYSE,NYSE,USD,,,,,
670,-1,,HON,HONEYWELL INTERNATIONAL INC,0,0,0,1,0.01,1.18E+18,1.18E+18,1.18E+18,NYSE,NYSE,USD,,,,,
671,-1,,HOT,"STARWOOD HOTEL & RESORTS WORLDWIDE, INC",0,0,0,1,0.01,1.18E+18,1.18E+18,1.18E+18,NYSE,NYSE,USD,,,,,
672,-1,,HPC,HERCULES INC,0,0,0,1,0.01,1.18E+18,1.18E+18,1.18E+18,NYSE,NYSE,USD,,,,,
673,-1,,HPQ,HP INC,0,0,0,1,0.01,1.18E+18,1.18E+18,1.18E+18,NYSE,NYSE,USD,,,,,
674,-1,,HRB,H&R BLOCK INC,0,0,0,1,0.01,1.18E+18,1.18E+18,1.18E+18,NYSE,NYSE,USD,,,,,
675,-1,,HSP,HOSPIRA INC,0,0,0,1,0.01,1.18E+18,1.18E+18,1.18E+18,NYSE,NYSE,USD,,,,,
676,-1,,HST,"HOST HOTELS & RESORTS, INC.",0,0,0,1,0.01,1.18E+18,1.18E+18,1.18E+18,NYSE,NYSE,USD,,,,,
677,-1,,HSY,HERSHEY CO,0,0,0,1,0.01,1.18E+18,1.18E+18,1.18E+18,NYSE,NYSE,USD,,,,,
678,-1,,HUM,HUMANA INC,0,0,0,1,0.01,1.18E+18,1.18E+18,1.18E+18,NYSE,NYSE,USD,,,,,
679,-1,,IACI,IACI,0,0,0,1,0.01,1.18E+18,1.18E+18,1.18E+18,NYSE,NYSE,USD,,,,,
680,-1,,IBM,INTERNATIONAL BUSINESS MACHINES CORP,0,0,0,1,0.01,1.18E+18,1.18E+18,1.18E+18,NYSE,NYSE,USD,,,,,
681,-1,,IFF,INTERNATIONAL FLAVORS & FRAGRANCES INC,0,0,0,1,0.01,1.18E+18,1.18E+18,1.18E+18,NYSE,NYSE,USD,,,,,
682,-1,,IGT,INTERNATIONAL GAME TECHNOLOGY PLC (Foreign),0,0,0,1,0.01,1.18E+18,1.18E+18,1.18E+18,NYSE,NYSE,USD,,,,,
683,-1,,INTC,INTEL CORP,0,0,0,1,0.01,1.18E+18,1.18E+18,1.18E+18,NYSE,NYSE,USD,,,,,
684,-1,,INTU,INTUIT INC,0,0,0,1,0.01,1.18E+18,1.18E+18,1.18E+18,NYSE,NYSE,USD,,,,,
685,-1,,IP,INTERNATIONAL PAPER CO,0,0,0,1,0.01,1.18E+18,1.18E+18,1.18E+18,NYSE,NYSE,USD,,,,,
686,-1,,IPG,"INTERPUBLIC GROUP OF COMPANIES, INC.",0,0,0,1,0.01,1.18E+18,1.18E+18,1.18E+18,NYSE,NYSE,USD,,,,,
687,-1,,IR,INGERSOLL-RAND PLC,0,0,0,1,0.01,1.18E+18,1.18E+18,1.18E+18,NYSE,NYSE,USD,,,,,
688,-1,,ITT,ITT INC.,0,0,0,1,0.01,1.18E+18,1.18E+18,1.18E+18,NYSE,NYSE,USD,,,,,
689,-1,,ITW,ILLINOIS TOOL WORKS INC,0,0,0,1,0.01,1.18E+18,1.18E+18,1.18E+18,NYSE,NYSE,USD,,,,,
690,-1,,JBL,JABIL INC,0,0,0,1,0.01,1.18E+18,1.18E+18,1.18E+18,NYSE,NYSE,USD,,,,,
691,-1,,JCI,JOHNSON CONTROLS INTERNATIONAL PLC,0,0,0,1,0.01,1.18E+18,1.18E+18,1.18E+18,NYSE,NYSE,USD,,,,,
692,-1,,JCP,J C PENNEY CO INC,0,0,0,1,0.01,1.18E+18,1.18E+18,1.18E+18,NYSE,NYSE,USD,,,,,
693,-1,,JDSU,JDSU,0,0,0,1,0.01,1.18E+18,1.18E+18,1.18E+18,NYSE,NYSE,USD,,,,,
694,-1,,JNJ,JOHNSON & JOHNSON,0,0,0,1,0.01,1.18E+18,1.18E+18,1.18E+18,NYSE,NYSE,USD,,,,,
695,-1,,JNPR,JUNIPER NETWORKS INC,0,0,0,1,0.01,1.18E+18,1.18E+18,1.18E+18,NYSE,NYSE,USD,,,,,
696,-1,,JNS,JANUS CAPITAL GROUP INC,0,0,0,1,0.01,1.18E+18,1.18E+18,1.18E+18,NYSE,NYSE,USD,,,,,
697,-1,,JNY,JONES GROUP INC,0,0,0,1,0.01,1.18E+18,1.18E+18,1.18E+18,NYSE,NYSE,USD,,,,,
698,-1,,JPM,JPMORGAN CHASE & CO,0,0,0,1,0.01,1.18E+18,1.18E+18,1.18E+18,NYSE,NYSE,USD,,,,,
699,-1,,JWN,NORDSTROM INC,0,0,0,1,0.01,1.18E+18,1.18E+18,1.18E+18,NYSE,NYSE,USD,,,,,
700,-1,,K,KELLOGG CO,0,0,0,1,0.01,1.18E+18,1.18E+18,1.18E+18,NYSE,NYSE,USD,,,,,
701,-1,,KBH,KB HOME,0,0,0,1,0.01,1.18E+18,1.18E+18,1.18E+18,NYSE,NYSE,USD,,,,,
702,-1,,KEY,KEYCORP,0,0,0,1,0.01,1.18E+18,1.18E+18,1.18E+18,NYSE,NYSE,USD,,,,,
703,-1,,KFT,KFT,0,0,0,1,0.01,1.18E+18,1.18E+18,1.18E+18,NYSE,NYSE,USD,,,,,
704,-1,,KG,KING PHARMACEUTICALS INC,0,0,0,1,0.01,1.18E+18,1.18E+18,1.18E+18,NYSE,NYSE,USD,,,,,
705,-1,,KIM,KIMCO REALTY CORP,0,0,0,1,0.01,1.18E+18,1.18E+18,1.18E+18,NYSE,NYSE,USD,,,,,
706,-1,,KLAC,KLA TENCOR CORP,0,0,0,1,0.01,1.18E+18,1.18E+18,1.18E+18,NYSE,NYSE,USD,,,,,
707,-1,,KMB,KIMBERLY CLARK CORP,0,0,0,1,0.01,1.18E+18,1.18E+18,1.18E+18,NYSE,NYSE,USD,,,,,
708,-1,,KMI,"KINDER MORGAN, INC.",0,0,0,1,0.01,1.18E+18,1.18E+18,1.18E+18,NYSE,NYSE,USD,,,,,
709,-1,,KO,COCA COLA CO,0,0,0,1,0.01,1.18E+18,1.18E+18,1.18E+18,NYSE,NYSE,USD,,,,,
710,-1,,KR,KROGER CO,0,0,0,1,0.01,1.18E+18,1.18E+18,1.18E+18,NYSE,NYSE,USD,,,,,
711,-1,,KSE,KEYSPAN CORP,0,0,0,1,0.01,1.18E+18,1.18E+18,1.18E+18,NYSE,NYSE,USD,,,,,
712,-1,,KSS,KOHLS CORP,0,0,0,1,0.01,1.18E+18,1.18E+18,1.18E+18,NYSE,NYSE,USD,,,,,
713,-1,,LEG,LEGGETT & PLATT INC,0,0,0,1,0.01,1.18E+18,1.18E+18,1.18E+18,NYSE,NYSE,USD,,,,,
714,-1,,LEH,LEHMAN BROTHERS HOLDINGS INC,0,0,0,1,0.01,1.18E+18,1.18E+18,1.18E+18,NYSE,NYSE,USD,,,,,
715,-1,,LEN,LENNAR CORP,0,0,0,1,0.01,1.18E+18,1.18E+18,1.18E+18,NYSE,NYSE,USD,,,,,
716,-1,,LH,LABORATORY CORP OF AMERICA HOLDINGS,0,0,0,1,0.01,1.18E+18,1.18E+18,1.18E+18,NYSE,NYSE,USD,,,,,
717,-1,,LIZ,LIZ,0,0,0,1,0.01,1.18E+18,1.18E+18,1.18E+18,NYSE,NYSE,USD,,,,,
718,-1,,LLL,"L3 TECHNOLOGIES, INC.",0,0,0,1,0.01,1.18E+18,1.18E+18,1.18E+18,NYSE,NYSE,USD,,,,,
719,-1,,LLTC,LINEAR TECHNOLOGY CORP,0,0,0,1,0.01,1.18E+18,1.18E+18,1.18E+18,NYSE,NYSE,USD,,,,,
720,-1,,LLY,LILLY ELI & CO,0,0,0,1,0.01,1.18E+18,1.18E+18,1.18E+18,NYSE,NYSE,USD,,,,,
721,-1,,LM,"LEGG MASON, INC.",0,0,0,1,0.01,1.18E+18,1.18E+18,1.18E+18,NYSE,NYSE,USD,,,,,
722,-1,,LMT,LOCKHEED MARTIN CORP,0,0,0,1,0.01,1.18E+18,1.18E+18,1.18E+18,NYSE,NYSE,USD,,,,,
723,-1,,LNC,LINCOLN NATIONAL CORP,0,0,0,1,0.01,1.18E+18,1.18E+18,1.18E+18,NYSE,NYSE,USD,,,,,
724,-1,,LOW,LOWES COMPANIES INC,0,0,0,1,0.01,1.18E+18,1.18E+18,1.18E+18,NYSE,NYSE,USD,,,,,
725,-1,,LSI,"LIFE STORAGE, INC.",0,0,0,1,0.01,1.18E+18,1.18E+18,1.18E+18,NYSE,NYSE,USD,,,,,
726,-1,,LTD,LTD,0,0,0,1,0.01,1.18E+18,1.18E+18,1.18E+18,NYSE,NYSE,USD,,,,,
727,-1,,LTR,LTR,0,0,0,1,0.01,1.18E+18,1.18E+18,1.18E+18,NYSE,NYSE,USD,,,,,
728,-1,,LUV,SOUTHWEST AIRLINES CO,0,0,0,1,0.01,1.18E+18,1.18E+18,1.18E+18,NYSE,NYSE,USD,,,,,
729,-1,,LXK,LEXMARK INTERNATIONAL INC,0,0,0,1,0.01,1.18E+18,1.18E+18,1.18E+18,NYSE,NYSE,USD,,,,,
730,-1,,MAR,MARRIOTT INTERNATIONAL INC,0,0,0,1,0.01,1.18E+18,1.18E+18,1.18E+18,NYSE,NYSE,USD,,,,,
731,-1,,MAS,MASCO CORP,0,0,0,1,0.01,1.18E+18,1.18E+18,1.18E+18,NYSE,NYSE,USD,,,,,
732,-1,,MAT,MATTEL INC,0,0,0,1,0.01,1.18E+18,1.18E+18,1.18E+18,NYSE,NYSE,USD,,,,,
733,-1,,MBI,MBIA INC,0,0,0,1,0.01,1.18E+18,1.18E+18,1.18E+18,NYSE,NYSE,USD,,,,,
734,-1,,MCD,MCDONALDS CORP,0,0,0,1,0.01,1.18E+18,1.18E+18,1.18E+18,NYSE,NYSE,USD,,,,,
735,-1,,MCK,MCKESSON CORP,0,0,0,1,0.01,1.18E+18,1.18E+18,1.18E+18,NYSE,NYSE,USD,,,,,
736,-1,,MCO,MOODYS CORP,0,0,0,1,0.01,1.18E+18,1.18E+18,1.18E+18,NYSE,NYSE,USD,,,,,
737,-1,,MDP,MEREDITH CORP,0,0,0,1,0.01,1.18E+18,1.18E+18,1.18E+18,NYSE,NYSE,USD,,,,,
738,-1,,MDT,MEDTRONIC PLC,0,0,0,1,0.01,1.18E+18,1.18E+18,1.18E+18,NYSE,NYSE,USD,,,,,
739,-1,,MEDI,MEDIMMUNE INC,0,0,0,1,0.01,1.18E+18,1.18E+18,1.18E+18,NYSE,NYSE,USD,,,,,
740,-1,,MEL,MELLON FINANCIAL CORP,0,0,0,1,0.01,1.18E+18,1.18E+18,1.18E+18,NYSE,NYSE,USD,,,,,
741,-1,,MER,"MERRILL LYNCH & CO., INC.",0,0,0,1,0.01,1.18E+18,1.18E+18,1.18E+18,NYSE,NYSE,USD,,,,,
742,-1,,MET,METLIFE INC,0,0,0,1,0.01,1.18E+18,1.18E+18,1.18E+18,NYSE,NYSE,USD,,,,,
743,-1,,MHP,MHP,0,0,0,1,0.01,1.18E+18,1.18E+18,1.18E+18,NYSE,NYSE,USD,,,,,
744,-1,,MHS,MEDCO HEALTH SOLUTIONS INC,0,0,0,1,0.01,1.18E+18,1.18E+18,1.18E+18,NYSE,NYSE,USD,,,,,
745,-1,,MI,MARSHALL & ILSLEY CORP,0,0,0,1,0.01,1.18E+18,1.18E+18,1.18E+18,NYSE,NYSE,USD,,,,,
746,-1,,MIL,MIL,0,0,0,1,0.01,1.18E+18,1.18E+18,1.18E+18,NYSE,NYSE,USD,,,,,
747,-1,,MKC,MCCORMICK & CO INC,0,0,0,1,0.01,1.18E+18,1.18E+18,1.18E+18,NYSE,NYSE,USD,,,,,
748,-1,,MMC,"MARSH & MCLENNAN COMPANIES, INC.",0,0,0,1,0.01,1.18E+18,1.18E+18,1.18E+18,NYSE,NYSE,USD,,,,,
749,-1,,MMM,3M CO,0,0,0,1,0.01,1.18E+18,1.18E+18,1.18E+18,NYSE,NYSE,USD,,,,,
750,-1,,MNST,MONSTER BEVERAGE CORP,0,0,0,1,0.01,1.18E+18,1.18E+18,1.18E+18,NYSE,NYSE,USD,,,,,
751,-1,,MO,"ALTRIA GROUP, INC.",0,0,0,1,0.01,1.18E+18,1.18E+18,1.18E+18,NYSE,NYSE,USD,,,,,
752,-1,,MOLX,MOLEX INC,0,0,0,1,0.01,1.18E+18,1.18E+18,1.18E+18,NYSE,NYSE,USD,,,,,
753,-1,,MON,MONSANTO CO,0,0,0,1,0.01,1.18E+18,1.18E+18,1.18E+18,NYSE,NYSE,USD,,,,,
754,-1,,MOT,MOT,0,0,0,1,0.01,1.18E+18,1.18E+18,1.18E+18,NYSE,NYSE,USD,,,,,
755,-1,,MRK,"MERCK & CO., INC.",0,0,0,1,0.01,1.18E+18,1.18E+18,1.18E+18,NYSE,NYSE,USD,,,,,
756,-1,,MRO,MARATHON OIL CORP,0,0,0,1,0.01,1.18E+18,1.18E+18,1.18E+18,NYSE,NYSE,USD,,,,,
757,-1,,MS,MORGAN STANLEY,0,0,0,1,0.01,1.18E+18,1.18E+18,1.18E+18,NYSE,NYSE,USD,,,,,
758,-1,,MSFT,MICROSOFT CORP,0,0,0,1,0.01,1.18E+18,1.18E+18,1.18E+18,NYSE,NYSE,USD,,,,,
759,-1,,MTB,M&T BANK CORP,0,0,0,1,0.01,1.18E+18,1.18E+18,1.18E+18,NYSE,NYSE,USD,,,,,
760,-1,,MTG,MGIC INVESTMENT CORP,0,0,0,1,0.01,1.18E+18,1.18E+18,1.18E+18,NYSE,NYSE,USD,,,,,
761,-1,,MU,MICRON TECHNOLOGY INC,0,0,0,1,0.01,1.18E+18,1.18E+18,1.18E+18,NYSE,NYSE,USD,,,,,
762,-1,,MUR,MURPHY OIL CORP,0,0,0,1,0.01,1.18E+18,1.18E+18,1.18E+18,NYSE,NYSE,USD,,,,,
763,-1,,MWV,MEADWESTVACO CORP,0,0,0,1,0.01,1.18E+18,1.18E+18,1.18E+18,NYSE,NYSE,USD,,,,,
764,-1,,MXIM,MAXIM INTEGRATED PRODUCTS INC,0,0,0,1,0.01,1.18E+18,1.18E+18,1.18E+18,NYSE,NYSE,USD,,,,,
765,-1,,MYL,MYLAN N.V.,0,0,0,1,0.01,1.18E+18,1.18E+18,1.18E+18,NYSE,NYSE,USD,,,,,
766,-1,,NBR,NABORS INDUSTRIES LTD,0,0,0,1,0.01,1.18E+18,1.18E+18,1.18E+18,NYSE,NYSE,USD,,,,,
767,-1,,NCC,NATIONAL CITY CORP,0,0,0,1,0.01,1.18E+18,1.18E+18,1.18E+18,NYSE,NYSE,USD,,,,,
768,-1,,NCR,NCR CORP,0,0,0,1,0.01,1.18E+18,1.18E+18,1.18E+18,NYSE,NYSE,USD,,,,,
769,-1,,NE,NOBLE CORP,0,0,0,1,0.01,1.18E+18,1.18E+18,1.18E+18,NYSE,NYSE,USD,,,,,
770,-1,,NEM,NEWMONT MINING CORP,0,0,0,1,0.01,1.18E+18,1.18E+18,1.18E+18,NYSE,NYSE,USD,,,,,
771,-1,,NI,NISOURCE INC,0,0,0,1,0.01,1.18E+18,1.18E+18,1.18E+18,NYSE,NYSE,USD,,,,,
772,-1,,NKE,NIKE INC,0,0,0,1,0.01,1.18E+18,1.18E+18,1.18E+18,NYSE,NYSE,USD,,,,,
773,-1,,NOC,NORTHROP GRUMMAN CORP,0,0,0,1,0.01,1.18E+18,1.18E+18,1.18E+18,NYSE,NYSE,USD,,,,,
774,-1,,NOV,NATIONAL OILWELL VARCO INC,0,0,0,1,0.01,1.18E+18,1.18E+18,1.18E+18,NYSE,NYSE,USD,,,,,
775,-1,,NOVL,NOVELL INC,0,0,0,1,0.01,1.18E+18,1.18E+18,1.18E+18,NYSE,NYSE,USD,,,,,
776,-1,,NSC,NORFOLK SOUTHERN CORP,0,0,0,1,0.01,1.18E+18,1.18E+18,1.18E+18,NYSE,NYSE,USD,,,,,
777,-1,,NSM,NATIONSTAR MORTGAGE HOLDINGS INC.,0,0,0,1,0.01,1.18E+18,1.18E+18,1.18E+18,NYSE,NYSE,USD,,,,,
778,-1,,NTAP,"NETAPP, INC.",0,0,0,1,0.01,1.18E+18,1.18E+18,1.18E+18,NYSE,NYSE,USD,,,,,
779,-1,,NTRS,NORTHERN TRUST CORP,0,0,0,1,0.01,1.18E+18,1.18E+18,1.18E+18,NYSE,NYSE,USD,,,,,
780,-1,,NUE,NUCOR CORP,0,0,0,1,0.01,1.18E+18,1.18E+18,1.18E+18,NYSE,NYSE,USD,,,,,
781,-1,,NVDA,NVIDIA CORP,0,0,0,1,0.01,1.18E+18,1.18E+18,1.18E+18,NYSE,NYSE,USD,,,,,
782,-1,,NVLS,NVLS,0,0,0,1,0.01,1.18E+18,1.18E+18,1.18E+18,NYSE,NYSE,USD,,,,,
783,-1,,NWL,NEWELL BRANDS INC,0,0,0,1,0.01,1.18E+18,1.18E+18,1.18E+18,NYSE,NYSE,USD,,,,,
784,-1,,NWS.A,NWS.A,0,0,0,1,0.01,1.18E+18,1.18E+18,1.18E+18,NYSE,NYSE,USD,,,,,
785,-1,,NYT,NEW YORK TIMES CO,0,0,0,1,0.01,1.18E+18,1.18E+18,1.18E+18,NYSE,NYSE,USD,,,,,
786,-1,,ODP,OFFICE DEPOT INC,0,0,0,1,0.01,1.18E+18,1.18E+18,1.18E+18,NYSE,NYSE,USD,,,,,
787,-1,,OMC,OMNICOM GROUP INC.,0,0,0,1,0.01,1.18E+18,1.18E+18,1.18E+18,NYSE,NYSE,USD,,,,,
788,-1,,OMX,OFFICEMAX INC,0,0,0,1,0.01,1.18E+18,1.18E+18,1.18E+18,NYSE,NYSE,USD,,,,,
789,-1,,ORCL,ORACLE CORP,0,0,0,1,0.01,1.18E+18,1.18E+18,1.18E+18,NYSE,NYSE,USD,,,,,
790,-1,,OXY,OCCIDENTAL PETROLEUM CORP,0,0,0,1,0.01,1.18E+18,1.18E+18,1.18E+18,NYSE,NYSE,USD,,,,,
791,-1,,PAYX,PAYCHEX INC,0,0,0,1,0.01,1.18E+18,1.18E+18,1.18E+18,NYSE,NYSE,USD,,,,,
792,-1,,PBG,PEPSI BOTTLING GROUP INC,0,0,0,1,0.01,1.18E+18,1.18E+18,1.18E+18,NYSE,NYSE,USD,,,,,
793,-1,,PBI,PITNEY BOWES INC,0,0,0,1,0.01,1.18E+18,1.18E+18,1.18E+18,NYSE,NYSE,USD,,,,,
794,-1,,PCAR,PACCAR INC,0,0,0,1,0.01,1.18E+18,1.18E+18,1.18E+18,NYSE,NYSE,USD,,,,,
795,-1,,PCG,PG&E CORP,0,0,0,1,0.01,1.18E+18,1.18E+18,1.18E+18,NYSE,NYSE,USD,,,,,
796,-1,,PCL,PLUM CREEK TIMBER CO INC,0,0,0,1,0.01,1.18E+18,1.18E+18,1.18E+18,NYSE,NYSE,USD,,,,,
797,-1,,PDCO,"PATTERSON COMPANIES, INC.",0,0,0,1,0.01,1.18E+18,1.18E+18,1.18E+18,NYSE,NYSE,USD,,,,,
798,-1,,PEG,PUBLIC SERVICE ENTERPRISE GROUP INC,0,0,0,1,0.01,1.18E+18,1.18E+18,1.18E+18,NYSE,NYSE,USD,,,,,
799,-1,,PEP,PEPSICO INC,0,0,0,1,0.01,1.18E+18,1.18E+18,1.18E+18,NYSE,NYSE,USD,,,,,
800,-1,,PFE,PFIZER INC,0,0,0,1,0.01,1.18E+18,1.18E+18,1.18E+18,NYSE,NYSE,USD,,,,,
801,-1,,PFG,PRINCIPAL FINANCIAL GROUP INC,0,0,0,1,0.01,1.18E+18,1.18E+18,1.18E+18,NYSE,NYSE,USD,,,,,
802,-1,,PG,PROCTER & GAMBLE CO,0,0,0,1,0.01,1.18E+18,1.18E+18,1.18E+18,NYSE,NYSE,USD,,,,,
803,-1,,PGN,PGN,0,0,0,1,0.01,1.18E+18,1.18E+18,1.18E+18,NYSE,NYSE,USD,,,,,
804,-1,,PGR,PROGRESSIVE CORP,0,0,0,1,0.01,1.18E+18,1.18E+18,1.18E+18,NYSE,NYSE,USD,,,,,
805,-1,,PH,PARKER HANNIFIN CORP,0,0,0,1,0.01,1.18E+18,1.18E+18,1.18E+18,NYSE,NYSE,USD,,,,,
806,-1,,PHM,PULTEGROUP INC,0,0,0,1,0.01,1.18E+18,1.18E+18,1.18E+18,NYSE,NYSE,USD,,,,,
807,-1,,PKI,PERKINELMER INC,0,0,0,1,0.01,1.18E+18,1.18E+18,1.18E+18,NYSE,NYSE,USD,,,,,
808,-1,,PLD,"PROLOGIS, INC.",0,0,0,1,0.01,1.18E+18,1.18E+18,1.18E+18,NYSE,NYSE,USD,,,,,
809,-1,,PLL,PALL CORP,0,0,0,1,0.01,1.18E+18,1.18E+18,1.18E+18,NYSE,NYSE,USD,,,,,
810,-1,,PMCS,PMC SIERRA INC,0,0,0,1,0.01,1.18E+18,1.18E+18,1.18E+18,NYSE,NYSE,USD,,,,,
811,-1,,PNC,"PNC FINANCIAL SERVICES GROUP, INC.",0,0,0,1,0.01,1.18E+18,1.18E+18,1.18E+18,NYSE,NYSE,USD,,,,,
812,-1,,PNW,PINNACLE WEST CAPITAL CORP,0,0,0,1,0.01,1.18E+18,1.18E+18,1.18E+18,NYSE,NYSE,USD,,,,,
813,-1,,PPG,PPG INDUSTRIES INC,0,0,0,1,0.01,1.18E+18,1.18E+18,1.18E+18,NYSE,NYSE,USD,,,,,
814,-1,,PPL,PPL CORP,0,0,0,1,0.01,1.18E+18,1.18E+18,1.18E+18,NYSE,NYSE,USD,,,,,
815,-1,,PRU,PRUDENTIAL FINANCIAL INC,0,0,0,1,0.01,1.18E+18,1.18E+18,1.18E+18,NYSE,NYSE,USD,,,,,
816,-1,,PSA,PUBLIC STORAGE,0,0,0,1,0.01,1.18E+18,1.18E+18,1.18E+18,NYSE,NYSE,USD,,,,,
817,-1,,PTV,PACTIV CORP,0,0,0,1,0.01,1.18E+18,1.18E+18,1.18E+18,NYSE,NYSE,USD,,,,,
818,-1,,PX,PRAXAIR INC,0,0,0,1,0.01,1.18E+18,1.18E+18,1.18E+18,NYSE,NYSE,USD,,,,,
819,-1,,Q,Q,0,0,0,1,0.01,1.18E+18,1.18E+18,1.18E+18,NYSE,NYSE,USD,,,,,
820,-1,,QCOM,QUALCOMM INC,0,0,0,1,0.01,1.18E+18,1.18E+18,1.18E+18,NYSE,NYSE,USD,,,,,
821,-1,,QLGC,QLOGIC CORP,0,0,0,1,0.01,1.18E+18,1.18E+18,1.18E+18,NYSE,NYSE,USD,,,,,
822,-1,,R,RYDER SYSTEM INC,0,0,0,1,0.01,1.18E+18,1.18E+18,1.18E+18,NYSE,NYSE,USD,,,,,
823,-1,,RAI,REYNOLDS AMERICAN INC,0,0,0,1,0.01,1.18E+18,1.18E+18,1.18E+18,NYSE,NYSE,USD,,,,,
824,-1,,RDC,ROWAN COMPANIES PLC,0,0,0,1,0.01,1.18E+18,1.18E+18,1.18E+18,NYSE,NYSE,USD,,,,,
825,-1,,RF,REGIONS FINANCIAL CORP,0,0,0,1,0.01,1.18E+18,1.18E+18,1.18E+18,NYSE,NYSE,USD,,,,,
826,-1,,RHI,HALF ROBERT INTERNATIONAL INC,0,0,0,1,0.01,1.18E+18,1.18E+18,1.18E+18,NYSE,NYSE,USD,,,,,
827,-1,,RIG,TRANSOCEAN LTD.,0,0,0,1,0.01,1.18E+18,1.18E+18,1.18E+18,NYSE,NYSE,USD,,,,,
828,-1,,RL,RALPH LAUREN CORP,0,0,0,1,0.01,1.18E+18,1.18E+18,1.18E+18,NYSE,NYSE,USD,,,,,
829,-1,,ROH,ROHM & HAAS CO,0,0,0,1,0.01,1.18E+18,1.18E+18,1.18E+18,NYSE,NYSE,USD,,,,,
830,-1,,ROK,ROCKWELL AUTOMATION INC,0,0,0,1,0.01,1.18E+18,1.18E+18,1.18E+18,NYSE,NYSE,USD,,,,,
831,-1,,RRD,RR DONNELLEY & SONS CO,0,0,0,1,0.01,1.18E+18,1.18E+18,1.18E+18,NYSE,NYSE,USD,,,,,
832,-1,,RSH,RADIOSHACK CORP,0,0,0,1,0.01,1.18E+18,1.18E+18,1.18E+18,NYSE,NYSE,USD,,,,,
833,-1,,RTN,RAYTHEON CO,0,0,0,1,0.01,1.18E+18,1.18E+18,1.18E+18,NYSE,NYSE,USD,,,,,
834,-1,,RX,IMS HEALTH INC,0,0,0,1,0.01,1.18E+18,1.18E+18,1.18E+18,NYSE,NYSE,USD,,,,,
835,-1,,S,SPRINT CORP,0,0,0,1,0.01,1.18E+18,1.18E+18,1.18E+18,NYSE,NYSE,USD,,,,,
836,-1,,SAF,SAFECO CORP,0,0,0,1,0.01,1.18E+18,1.18E+18,1.18E+18,NYSE,NYSE,USD,,,,,
837,-1,,SANM,SANMINA CORP,0,0,0,1,0.01,1.18E+18,1.18E+18,1.18E+18,NYSE,NYSE,USD,,,,,
838,-1,,SBUX,STARBUCKS CORP,0,0,0,1,0.01,1.18E+18,1.18E+18,1.18E+18,NYSE,NYSE,USD,,,,,
839,-1,,SCHW,SCHWAB CHARLES CORP,0,0,0,1,0.01,1.18E+18,1.18E+18,1.18E+18,NYSE,NYSE,USD,,,,,
840,-1,,SE,SEA LTD (Foreign),0,0,0,1,0.01,1.18E+18,1.18E+18,1.18E+18,NYSE,NYSE,USD,,,,,
841,-1,,SEE,SEALED AIR CORP,0,0,0,1,0.01,1.18E+18,1.18E+18,1.18E+18,NYSE,NYSE,USD,,,,,
842,-1,,SGP,SCHERING PLOUGH CORP,0,0,0,1,0.01,1.18E+18,1.18E+18,1.18E+18,NYSE,NYSE,USD,,,,,
843,-1,,SHLD,SEARS HOLDINGS CORP,0,0,0,1,0.01,1.18E+18,1.18E+18,1.18E+18,NYSE,NYSE,USD,,,,,
844,-1,,SHW,SHERWIN WILLIAMS CO,0,0,0,1,0.01,1.18E+18,1.18E+18,1.18E+18,NYSE,NYSE,USD,,,,,
845,-1,,SIAL,SIGMA ALDRICH CORP,0,0,0,1,0.01,1.18E+18,1.18E+18,1.18E+18,NYSE,NYSE,USD,,,,,
846,-1,,SII,SMITH INTERNATIONAL INC,0,0,0,1,0.01,1.18E+18,1.18E+18,1.18E+18,NYSE,NYSE,USD,,,,,
847,-1,,SLB,SCHLUMBERGER LIMITED,0,0,0,1,0.01,1.18E+18,1.18E+18,1.18E+18,NYSE,NYSE,USD,,,,,
848,-1,,SLE,SLE,0,0,0,1,0.01,1.18E+18,1.18E+18,1.18E+18,NYSE,NYSE,USD,,,,,
849,-1,,SLM,SLM CORP,0,0,0,1,0.01,1.18E+18,1.18E+18,1.18E+18,NYSE,NYSE,USD,,,,,
850,-1,,SLR,SOLECTRON CORP,0,0,0,1,0.01,1.18E+18,1.18E+18,1.18E+18,NYSE,NYSE,USD,,,,,
851,-1,,SNA,SNAP-ON INC,0,0,0,1,0.01,1.18E+18,1.18E+18,1.18E+18,NYSE,NYSE,USD,,,,,
852,-1,,SNDK,SANDISK CORP,0,0,0,1,0.01,1.18E+18,1.18E+18,1.18E+18,NYSE,NYSE,USD,,,,,
853,-1,,SNV,SYNOVUS FINANCIAL CORP,0,0,0,1,0.01,1.18E+18,1.18E+18,1.18E+18,NYSE,NYSE,USD,,,,,
854,-1,,SO,SOUTHERN CO,0,0,0,1,0.01,1.18E+18,1.18E+18,1.18E+18,NYSE,NYSE,USD,,,,,
855,-1,,SOV,"SANTANDER HOLDINGS USA, INC.",0,0,0,1,0.01,1.18E+18,1.18E+18,1.18E+18,NYSE,NYSE,USD,,,,,
856,-1,,SPG,SIMON PROPERTY GROUP INC,0,0,0,1,0.01,1.18E+18,1.18E+18,1.18E+18,NYSE,NYSE,USD,,,,,
857,-1,,SPLS,STAPLES INC,0,0,0,1,0.01,1.18E+18,1.18E+18,1.18E+18,NYSE,NYSE,USD,,,,,
858,-1,,SRE,SEMPRA ENERGY,0,0,0,1,0.01,1.18E+18,1.18E+18,1.18E+18,NYSE,NYSE,USD,,,,,
859,-1,,SSP,E.W. SCRIPPS CO,0,0,0,1,0.01,1.18E+18,1.18E+18,1.18E+18,NYSE,NYSE,USD,,,,,
860,-1,,STI,SUNTRUST BANKS INC,0,0,0,1,0.01,1.18E+18,1.18E+18,1.18E+18,NYSE,NYSE,USD,,,,,
861,-1,,STJ,ST JUDE MEDICAL INC,0,0,0,1,0.01,1.18E+18,1.18E+18,1.18E+18,NYSE,NYSE,USD,,,,,
862,-1,,STR,QUESTAR CORP,0,0,0,1,0.01,1.18E+18,1.18E+18,1.18E+18,NYSE,NYSE,USD,,,,,
863,-1,,STT,STATE STREET CORP,0,0,0,1,0.01,1.18E+18,1.18E+18,1.18E+18,NYSE,NYSE,USD,,,,,
864,-1,,STZ,"CONSTELLATION BRANDS, INC.",0,0,0,1,0.01,1.18E+18,1.18E+18,1.18E+18,NYSE,NYSE,USD,,,,,
865,-1,,SUN,SUNOCO LP,0,0,0,1,0.01,1.18E+18,1.18E+18,1.18E+18,NYSE,NYSE,USD,,,,,
866,-1,,SUNW,"SUNWORKS, INC.",0,0,0,1,0.01,1.18E+18,1.18E+18,1.18E+18,NYSE,NYSE,USD,,,,,
867,-1,,SVU,SUPERVALU INC,0,0,0,1,0.01,1.18E+18,1.18E+18,1.18E+18,NYSE,NYSE,USD,,,,,
868,-1,,SWK,"STANLEY BLACK & DECKER, INC.",0,0,0,1,0.01,1.18E+18,1.18E+18,1.18E+18,NYSE,NYSE,USD,,,,,
869,-1,,SWY,SAFEWAY INC,0,0,0,1,0.01,1.18E+18,1.18E+18,1.18E+18,NYSE,NYSE,USD,,,,,
870,-1,,SYK,STRYKER CORP,0,0,0,1,0.01,1.18E+18,1.18E+18,1.18E+18,NYSE,NYSE,USD,,,,,
871,-1,,SYMC,SYMANTEC CORP,0,0,0,1,0.01,1.18E+18,1.18E+18,1.18E+18,NYSE,NYSE,USD,,,,,
872,-1,,SYY,SYSCO CORP,0,0,0,1,0.01,1.18E+18,1.18E+18,1.18E+18,NYSE,NYSE,USD,,,,,
873,-1,,T,AT&T INC.,0,0,0,1,0.01,1.18E+18,1.18E+18,1.18E+18,NYSE,NYSE,USD,,,,,
874,-1,,TAP,MOLSON COORS BREWING CO,0,0,0,1,0.01,1.18E+18,1.18E+18,1.18E+18,NYSE,NYSE,USD,,,,,
875,-1,,TE,TECO ENERGY INC,0,0,0,1,0.01,1.18E+18,1.18E+18,1.18E+18,NYSE,NYSE,USD,,,,,
876,-1,,TEG,"INTEGRYS HOLDING, INC.",0,0,0,1,0.01,1.18E+18,1.18E+18,1.18E+18,NYSE,NYSE,USD,,,,,
877,-1,,TEK,TEKTRONIX INC,0,0,0,1,0.01,1.18E+18,1.18E+18,1.18E+18,NYSE,NYSE,USD,,,,,
878,-1,,TER,"TERADYNE, INC",0,0,0,1,0.01,1.18E+18,1.18E+18,1.18E+18,NYSE,NYSE,USD,,,,,
879,-1,,TEX,TEREX CORP,0,0,0,1,0.01,1.18E+18,1.18E+18,1.18E+18,NYSE,NYSE,USD,,,,,
880,-1,,TGT,TARGET CORP,0,0,0,1,0.01,1.18E+18,1.18E+18,1.18E+18,NYSE,NYSE,USD,,,,,
881,-1,,THC,TENET HEALTHCARE CORP,0,0,0,1,0.01,1.18E+18,1.18E+18,1.18E+18,NYSE,NYSE,USD,,,,,
882,-1,,TIF,TIFFANY & CO,0,0,0,1,0.01,1.18E+18,1.18E+18,1.18E+18,NYSE,NYSE,USD,,,,,
883,-1,,TIN,TEMPLE INLAND INC,0,0,0,1,0.01,1.18E+18,1.18E+18,1.18E+18,NYSE,NYSE,USD,,,,,
884,-1,,TJX,TJX COMPANIES INC,0,0,0,1,0.01,1.18E+18,1.18E+18,1.18E+18,NYSE,NYSE,USD,,,,,
885,-1,,TLAB,TELLABS INC,0,0,0,1,0.01,1.18E+18,1.18E+18,1.18E+18,NYSE,NYSE,USD,,,,,
886,-1,,TMK,TORCHMARK CORP,0,0,0,1,0.01,1.18E+18,1.18E+18,1.18E+18,NYSE,NYSE,USD,,,,,
887,-1,,TMO,THERMO FISHER SCIENTIFIC INC.,0,0,0,1,0.01,1.18E+18,1.18E+18,1.18E+18,NYSE,NYSE,USD,,,,,
888,-1,,TRB,TRIBUNE CO,0,0,0,1,0.01,1.18E+18,1.18E+18,1.18E+18,NYSE,NYSE,USD,,,,,
889,-1,,TROW,PRICE T ROWE GROUP INC,0,0,0,1,0.01,1.18E+18,1.18E+18,1.18E+18,NYSE,NYSE,USD,,,,,
890,-1,,TRV,"TRAVELERS COMPANIES, INC.",0,0,0,1,0.01,1.18E+18,1.18E+18,1.18E+18,NYSE,NYSE,USD,,,,,
891,-1,,TSN,TYSON FOODS INC,0,0,0,1,0.01,1.18E+18,1.18E+18,1.18E+18,NYSE,NYSE,USD,,,,,
892,-1,,TWX,TIME WARNER INC.,0,0,0,1,0.01,1.18E+18,1.18E+18,1.18E+18,NYSE,NYSE,USD,,,,,
893,-1,,TXN,TEXAS INSTRUMENTS INC,0,0,0,1,0.01,1.18E+18,1.18E+18,1.18E+18,NYSE,NYSE,USD,,,,,
894,-1,,TXT,TEXTRON INC,0,0,0,1,0.01,1.18E+18,1.18E+18,1.18E+18,NYSE,NYSE,USD,,,,,
895,-1,,TXU,TXU CORP,0,0,0,1,0.01,1.18E+18,1.18E+18,1.18E+18,NYSE,NYSE,USD,,,,,
896,-1,,TYC,TYCO INTERNATIONAL PLC,0,0,0,1,0.01,1.18E+18,1.18E+18,1.18E+18,NYSE,NYSE,USD,,,,,
897,-1,,UIS,UNISYS CORP,0,0,0,1,0.01,1.18E+18,1.18E+18,1.18E+18,NYSE,NYSE,USD,,,,,
898,-1,,UNH,UNITEDHEALTH GROUP INC,0,0,0,1,0.01,1.18E+18,1.18E+18,1.18E+18,NYSE,NYSE,USD,,,,,
899,-1,,UNM,UNUM GROUP,0,0,0,1,0.01,1.18E+18,1.18E+18,1.18E+18,NYSE,NYSE,USD,,,,,
900,-1,,UNP,UNION PACIFIC CORP,0,0,0,1,0.01,1.18E+18,1.18E+18,1.18E+18,NYSE,NYSE,USD,,,,,
901,-1,,UPS,UNITED PARCEL SERVICE INC,0,0,0,1,0.01,1.18E+18,1.18E+18,1.18E+18,NYSE,NYSE,USD,,,,,
902,-1,,USB,US BANCORP,0,0,0,1,0.01,1.18E+18,1.18E+18,1.18E+18,NYSE,NYSE,USD,,,,,
903,-1,,UST,UST,0,0,0,1,0.01,1.18E+18,1.18E+18,1.18E+18,NYSE,NYSE,USD,,,,,
904,-1,,UTX,UNITED TECHNOLOGIES CORP,0,0,0,1,0.01,1.18E+18,1.18E+18,1.18E+18,NYSE,NYSE,USD,,,,,
905,-1,,VAR,VARIAN MEDICAL SYSTEMS INC,0,0,0,1,0.01,1.18E+18,1.18E+18,1.18E+18,NYSE,NYSE,USD,,,,,
906,-1,,VFC,V F CORP,0,0,0,1,0.01,1.18E+18,1.18E+18,1.18E+18,NYSE,NYSE,USD,,,,,
907,-1,,VIA.B,VIA.B,0,0,0,1,0.01,1.18E+18,1.18E+18,1.18E+18,NYSE,NYSE,USD,,,,,
908,-1,,VLO,VALERO ENERGY CORP,0,0,0,1,0.01,1.18E+18,1.18E+18,1.18E+18,NYSE,NYSE,USD,,,,,
909,-1,,VMC,VULCAN MATERIALS CO,0,0,0,1,0.01,1.18E+18,1.18E+18,1.18E+18,NYSE,NYSE,USD,,,,,
910,-1,,VNO,VORNADO REALTY TRUST,0,0,0,1,0.01,1.18E+18,1.18E+18,1.18E+18,NYSE,NYSE,USD,,,,,
911,-1,,VRSN,VERISIGN INC,0,0,0,1,0.01,1.18E+18,1.18E+18,1.18E+18,NYSE,NYSE,USD,,,,,
912,-1,,VZ,VERIZON COMMUNICATIONS INC,0,0,0,1,0.01,1.18E+18,1.18E+18,1.18E+18,NYSE,NYSE,USD,,,,,
913,-1,,WAG,WAG,0,0,0,1,0.01,1.18E+18,1.18E+18,1.18E+18,NYSE,NYSE,USD,,,,,
914,-1,,WAT,WATERS CORP,0,0,0,1,0.01,1.18E+18,1.18E+18,1.18E+18,NYSE,NYSE,USD,,,,,
915,-1,,WB,WEIBO CORP (Foreign),0,0,0,1,0.01,1.18E+18,1.18E+18,1.18E+18,NYSE,NYSE,USD,,,,,
916,-1,,WEN,WENDY'S CO,0,0,0,1,0.01,1.18E+18,1.18E+18,1.18E+18,NYSE,NYSE,USD,,,,,
917,-1,,WFC,WELLS FARGO & COMPANY,0,0,0,1,0.01,1.18E+18,1.18E+18,1.18E+18,NYSE,NYSE,USD,,,,,
918,-1,,WFMI,WFMI,0,0,0,1,0.01,1.18E+18,1.18E+18,1.18E+18,NYSE,NYSE,USD,,,,,
919,-1,,WFT,WEATHERFORD INTERNATIONAL PLC,0,0,0,1,0.01,1.18E+18,1.18E+18,1.18E+18,NYSE,NYSE,USD,,,,,
920,-1,,WHR,WHIRLPOOL CORP,0,0,0,1,0.01,1.18E+18,1.18E+18,1.18E+18,NYSE,NYSE,USD,,,,,
921,-1,,WIN,"WINDSTREAM HOLDINGS, INC.",0,0,0,1,0.01,1.18E+18,1.18E+18,1.18E+18,NYSE,NYSE,USD,,,,,
922,-1,,WLP,WLP,0,0,0,1,0.01,1.18E+18,1.18E+18,1.18E+18,NYSE,NYSE,USD,,,,,
923,-1,,WM,WASTE MANAGEMENT INC,0,0,0,1,0.01,1.18E+18,1.18E+18,1.18E+18,NYSE,NYSE,USD,,,,,
924,-1,,WMB,WILLIAMS COMPANIES INC,0,0,0,1,0.01,1.18E+18,1.18E+18,1.18E+18,NYSE,NYSE,USD,,,,,
925,-1,,WMI,WMI,0,0,0,1,0.01,1.18E+18,1.18E+18,1.18E+18,NYSE,NYSE,USD,,,,,
926,-1,,WMT,WALMART INC.,0,0,0,1,0.01,1.18E+18,1.18E+18,1.18E+18,NYSE,NYSE,USD,,,,,
927,-1,,WPI,WPI,0,0,0,1,0.01,1.18E+18,1.18E+18,1.18E+18,NYSE,NYSE,USD,,,,,
928,-1,,WU,WESTERN UNION CO,0,0,0,1,0.01,1.18E+18,1.18E+18,1.18E+18,NYSE,NYSE,USD,,,,,
929,-1,,WWY,WRIGLEY WM JR CO,0,0,0,1,0.01,1.18E+18,1.18E+18,1.18E+18,NYSE,NYSE,USD,,,,,
930,-1,,WY,WEYERHAEUSER CO,0,0,0,1,0.01,1.18E+18,1.18E+18,1.18E+18,NYSE,NYSE,USD,,,,,
931,-1,,WYE,WYETH,0,0,0,1,0.01,1.18E+18,1.18E+18,1.18E+18,NYSE,NYSE,USD,,,,,
932,-1,,WYN,WYNDHAM WORLDWIDE CORP,0,0,0,1,0.01,1.18E+18,1.18E+18,1.18E+18,NYSE,NYSE,USD,,,,,
933,-1,,X,UNITED STATES STEEL CORP,0,0,0,1,0.01,1.18E+18,1.18E+18,1.18E+18,NYSE,NYSE,USD,,,,,
934,-1,,XEL,XCEL ENERGY INC,0,0,0,1,0.01,1.18E+18,1.18E+18,1.18E+18,NYSE,NYSE,USD,,,,,
935,-1,,XL,XL GROUP LTD,0,0,0,1,0.01,1.18E+18,1.18E+18,1.18E+18,NYSE,NYSE,USD,,,,,
936,-1,,XLNX,XILINX INC,0,0,0,1,0.01,1.18E+18,1.18E+18,1.18E+18,NYSE,NYSE,USD,,,,,
937,-1,,XOM,EXXON MOBIL CORP,0,0,0,1,0.01,1.18E+18,1.18E+18,1.18E+18,NYSE,NYSE,USD,,,,,
938,-1,,XRX,XEROX CORP,0,0,0,1,0.01,1.18E+18,1.18E+18,1.18E+18,NYSE,NYSE,USD,,,,,
939,-1,,XTO,XTO ENERGY INC,0,0,0,1,0.01,1.18E+18,1.18E+18,1.18E+18,NYSE,NYSE,USD,,,,,
940,-1,,YHOO,YHOO,0,0,0,1,0.01,1.18E+18,1.18E+18,1.18E+18,NYSE,NYSE,USD,,,,,
941,-1,,YUM,YUM BRANDS INC,0,0,0,1,0.01,1.18E+18,1.18E+18,1.18E+18,NYSE,NYSE,USD,,,,,
942,-1,,ZION,ZIONS BANCORPORATION,0,0,0,1,0.01,1.18E+18,1.18E+18,1.18E+18,NYSE,NYSE,USD,,,,,
943,-1,,ZMH,ZMH,0,0,0,1,0.01,1.18E+18,1.18E+18,1.18E+18,NYSE,NYSE,USD,,,,,
944,-1,,USD/BASKET,USD Broad Basket,0,1,0,1,0.0001,,,,FRED,TWENTYFOURSEVEN,BASKET,USD/BASKET,USD,BASKET,,
945,-1,,EUR/USD,EUR vs USD,0,1,0,1,0.0001,,,,FXCM,TWENTYFOURSEVEN,USD,EUR/USD,EUR,USD,,
946,-1,,GBP/USD,GBP vs USD,0,1,0,1,0.0001,,,,FXCM,TWENTYFOURSEVEN,USD,GBP/USD,GBP,USD,,
